-- phpMyAdmin SQL Dump
-- version 4.4.15.10
-- https://www.phpmyadmin.net
--
-- Хост: localhost
-- Время создания: Апр 28 2018 г., 13:29
-- Версия сервера: 5.6.39-83.1
-- Версия PHP: 5.3.28

SET SQL_MODE = "NO_AUTO_VALUE_ON_ZERO";
SET time_zone = "+00:00";


/*!40101 SET @OLD_CHARACTER_SET_CLIENT=@@CHARACTER_SET_CLIENT */;
/*!40101 SET @OLD_CHARACTER_SET_RESULTS=@@CHARACTER_SET_RESULTS */;
/*!40101 SET @OLD_COLLATION_CONNECTION=@@COLLATION_CONNECTION */;
/*!40101 SET NAMES utf8mb4 */;

--
-- База данных: `u0290194_crm`
--

-- --------------------------------------------------------

--
-- Структура таблицы `cars`
--

CREATE TABLE IF NOT EXISTS `cars` (
  `id` int(11) NOT NULL,
  `car_make` int(11) NOT NULL,
  `car_model` int(11) NOT NULL,
  `year` int(11) NOT NULL,
  `car_number` varchar(255) NOT NULL,
  `user` int(11) NOT NULL,
  `car_body` varchar(500) NOT NULL,
  `car_color` varchar(500) NOT NULL
) ENGINE=InnoDB AUTO_INCREMENT=180 DEFAULT CHARSET=utf8;

--
-- Дамп данных таблицы `cars`
--

INSERT INTO `cars` (`id`, `car_make`, `car_model`, `year`, `car_number`, `user`, `car_body`, `car_color`) VALUES
(5, 176, 2151, 2012, 'О450ВМ125', 5, 'GRX1356006365', 'БЕЛЫЙ'),
(6, 76, 763, 2009, 'в154мн125', 8, 'RE41201661', 'БЕЛЫЙ'),
(7, 176, 1793, 2011, 'У909МС125', 11, 'ZRT2653017494', 'Белый'),
(8, 76, 774, 2010, 'о771мн125', 11, 'GE71501667', 'Белый'),
(12, 176, 1850, 2013, 'Е227КО125', 6, 'RUTBX8FJ9D0003278', 'Белый'),
(13, 176, 2167, 2003, 'А385НЕ125', 6, 'ZZT2405012950', 'Серый'),
(14, 76, 778, 2010, 'Х262МС125', 8, 'ZE21211765', 'ЧЕРНЫЙ'),
(15, 176, 2177, 2005, 'Н671ВТ125', 6, 'ACA315001133', 'Черный'),
(16, 176, 1810, 2006, 'М020МН125', 6, 'JTNBE40K603038443', 'Серый'),
(17, 167, 1758, 2009, 'о449аа125', 10, 'ZC71S565634', 'белый'),
(18, 166, 1716, 2000, 'А995НО125', 6, 'SF5138312', 'Серый'),
(19, 76, 774, 2009, 'Н709АХ125', 6, 'GE81039325', 'Синий'),
(20, 176, 1841, 2009, 'х830ее125', 7, 'TRN2150027540', 'Белый'),
(21, 176, 1793, 2009, 'С863КН125', 6, 'NZT2603045071', 'Белый'),
(22, 176, 2175, 2011, 'К213АА125', 6, 'NSP1202011780', 'Серый'),
(23, 127, 2148, 2002, 'К065УВ125', 6, 'NT30057951', 'Серый'),
(24, 113, 1148, 2012, 'К353МО125', 6, 'DE3FS518317', 'Серый'),
(25, 166, 1716, 1999, 'У030ОЕ25', 6, 'SF5081930', 'Серый'),
(26, 176, 2210, 2010, 'Н616КУ125', 6, 'SCP905181895', 'Белый'),
(27, 176, 2177, 2015, 'О587МН125', 6, 'JTMBDREV20J010545', 'Черный'),
(28, 176, 1794, 2008, 'Р290МК125', 6, 'ATH100025258', 'Зеленый'),
(29, 176, 1810, 2015, 'С621ЕЕ125', 6, 'XW7BN4FK70S101043', 'Белый'),
(30, 176, 2175, 2009, 'С624АА125', 6, 'SCP1000081214', 'Серый'),
(31, 176, 2210, 2008, 'А421ЕЕ125', 6, 'NCP950042350', 'Серый'),
(32, 176, 2170, 2010, 'А440НО125', 6, 'ZVW301328606', 'Белый'),
(33, 176, 1847, 2002, 'Т139ВР125', 6, 'NCP610023193', 'Синий'),
(34, 166, 1716, 2007, 'М320МС125', 7, 'SG5128543', 'СИНИЙ'),
(35, 113, 1148, 2010, 'У298ВВ125', 7, 'DE3FS30B740', 'Белый'),
(38, 127, 1397, 2006, 'В510АН125', 9, 'NE11023437', 'Серый'),
(39, 176, 2273, 2010, 'А639АА125', 9, 'NZE1446021813', 'Серый'),
(41, 176, 2210, 2011, 'Х557ЕН125', 9, 'NCP1302025975', 'Белый'),
(42, 176, 1798, 2011, 'Е259МЕ125', 9, 'ZRE1521156300', 'Серый'),
(43, 166, 1716, 1998, 'М037ЕХ25', 8, 'SF5059073', 'БЕЛЫЙ'),
(44, 176, 2210, 2009, 'Н178МЕ125', 9, 'SCP905132206', 'Черный'),
(45, 76, 22274, 2010, 'О411АА125', 9, 'GP11027828', 'Зеленый'),
(46, 166, 1717, 2009, 'А617ОО125', 9, 'GH3012664', 'Серый'),
(47, 127, 2148, 2001, 'У480КР125', 6, 'NT30012670', 'Черный'),
(48, 176, 2167, 2005, 'А873ЕЕ125', 6, 'ZZT2450029358', 'Серый'),
(49, 167, 1742, 2006, 'С921АО154', 9, 'TD54W203723', 'Черный'),
(50, 127, 2131, 2009, 'У785МО125', 9, 'NC25360183', 'Серый'),
(51, 127, 1381, 2010, 'Х376АА125', 6, 'UF15008352', 'красный'),
(52, 176, 1810, 2012, 'А234МЕ125', 6, 'JTNBFYFK703007018', 'БЕЛЫЙ'),
(53, 176, 1810, 2008, 'У947МВ125', 6, 'JTNBE40K103165505', 'Черный'),
(54, 176, 1810, 2013, 'О540АХ125', 6, 'XW7BF4FK005031592', 'Черный'),
(55, 176, 1793, 2007, 'Х779КН125', 6, 'NZT2603016538', 'Серый'),
(56, 176, 1793, 2005, 'У740АТ125', 6, 'NZT2400080192', 'Серый'),
(57, 176, 2273, 2009, 'С065КН125', 6, 'NZE1416119850', 'Белый'),
(58, 176, 1826, 2011, 'Х793ЕЕ125', 6, 'GRS2000070381', 'Серый'),
(59, 127, 1373, 2009, 'Е124КО125', 6, 'KNJ10210468', 'Черный'),
(60, 127, 1373, 2007, 'Х334КР125', 6, 'NJ10041682', 'Черный'),
(61, 167, 1742, 2011, 'Х856ЕЕ125', 6, 'TD44W211817', 'БЕЛЫЙ'),
(62, 76, 774, 2008, 'Т176КС125', 6, 'GE61141033', 'Черный'),
(63, 76, 774, 2010, 'Е243КУ125', 6, 'GE61421205', 'Белый'),
(64, 76, 774, 2010, 'В364КН125', 6, 'GE71302232', 'Серый'),
(65, 76, 774, 2009, 'Х478МВ125', 6, 'GE61220954', 'Белый'),
(66, 76, 774, 2010, 'Х762КС125', 6, 'GE81309004', 'Синий'),
(67, 166, 1716, 2011, 'К528МТ125', 6, 'SHJ004702', 'красный'),
(68, 176, 1793, 2010, 'Е306МО125', 6, 'ZRT2653013182', 'Темно-синий'),
(69, 123, 1300, 2010, 'К388МО125', 6, 'CW4W5403016', 'Серый'),
(70, 76, 774, 2009, 'Р994КР125', 6, 'GE61204790', 'БЕЛЫЙ'),
(71, 176, 1850, 2011, 'Т422ЕЕ125', 6, 'JTEBX9FJ7BK036702', 'Черный'),
(72, 176, 1850, 2011, 'Х660МС125', 6, 'JTEBX9FJ7BK044735', 'Черный'),
(73, 176, 2170, 2009, 'У594КХ125', 6, 'ZVW305032656', 'Серый'),
(74, 176, 2177, 2000, 'А760РЕ125', 6, 'ACA210151639', 'Серый'),
(75, 127, 1374, 2010, 'Р827МК125', 6, 'MNE51200145', 'Черный'),
(76, 176, 2170, 2011, 'С751МР125', 6, 'ZVW305273811', 'Белый'),
(77, 176, 2210, 2012, 'В734МО125', 6, 'NSP1302063164', 'Серый'),
(78, 176, 2204, 2010, 'Е907КЕ125', 6, '4T3BK3BBXAU029585', 'Бронзовый'),
(79, 176, 2213, 2003, 'У060ВВ125', 6, 'NCP700012223', 'Белый'),
(80, 127, 2148, 2009, 'С434МС125', 6, 'NT31053326', 'Серый'),
(81, 127, 2148, 2010, 'Н930МК125', 6, 'NT31117613', 'Черный'),
(82, 127, 2148, 2011, 'М955КК125', 6, 'NT31227940', 'Белый'),
(83, 176, 1793, 2010, 'В170МН125', 6, 'ZRT2653013941', 'Белый'),
(84, 176, 1793, 2009, 'Х782ЕЕ125', 6, 'ZRT2653010659', 'Серый'),
(85, 92, 956, 2012, 'А703РР125', 6, 'Z94CB41ABCR039872', 'Черный'),
(86, 176, 2170, 2010, 'У526ВВ125', 6, 'ZVW301227543', 'Серый'),
(87, 176, 2170, 2010, 'Е548КК125', 6, 'ZVW301264220', 'Белый'),
(88, 176, 1841, 2009, 'О056МН125', 6, 'TRN2150027520', 'Белый'),
(89, 127, 2138, 2010, 'Н998ЕЕ125', 6, 'TNJ32050337', 'Серый'),
(90, 76, 774, 2010, 'Н022АА125', 6, 'GE61419522', 'Серый'),
(95, 176, 1850, 2003, 'К542ВР125', 6, 'VZJ1210005956', 'красный'),
(96, 176, 1793, 2010, 'Е826КО125', 9, 'ZRT2653013921', 'Серый'),
(97, 127, 2141, 2009, 'Е125ВМ125', 9, 'C11235238', 'Серый'),
(98, 176, 2170, 2009, 'У357МО125', 9, 'ZVW305035734', 'Серый'),
(99, 99, 2282, 2007, 'О916МС125', 9, 'JTJHK31U302037660', 'Черный'),
(100, 176, 2170, 2011, 'Е634МС125', 9, 'ZVW300306132', 'Серый'),
(101, 176, 1793, 2010, 'В170МН125', 8, 'ZRT2653013941', 'БЕЛЫЙ'),
(102, 127, 1381, 2010, 'С061АА125', 8, 'YF15013203', 'СЕРЫЙ'),
(103, 166, 1716, 2011, 'М139ВО125', 8, 'JF1SHJLS5BG226034', 'СЕРЕБРИСТЫЙ'),
(104, 176, 1850, 2005, 'С461КВ125', 8, 'TRJ1205015406', 'ЧЕРНЫЙ'),
(105, 167, 1745, 2008, 'Т505КВ125', 7, 'JS3TD044294100719', 'Черный'),
(106, 166, 1717, 2009, 'А617ОО125', 7, 'GH3012664', 'Серый'),
(107, 166, 1716, 2008, 'М020МН125', 7, 'SH5021453', 'Серый'),
(108, 176, 2273, 2009, 'К793КТ125', 7, 'NZE1446017626', 'Серый'),
(109, 176, 2210, 2010, 'С759КН125', 6, 'SCP905186115', 'Белый'),
(110, 176, 1793, 2010, 'Е594МУ125', 6, 'ZRT2653012630', 'Серый'),
(111, 176, 1838, 2004, 'В402МР125', 7, 'MCU350020067', 'Белый'),
(112, 166, 1716, 2008, 'М020МН125', 7, 'SH5021453', 'Серый'),
(113, 176, 2273, 2009, 'М793КТ125', 7, 'NZE1446017626', 'Серый'),
(114, 127, 2148, 2003, 'А490ОЕ125', 7, 'NT30081598', 'Серый'),
(115, 176, 2177, 2007, 'Е750ВА125', 7, 'JTMBH31V506048569', 'Темно-серый'),
(116, 176, 2170, 2008, 'Н125КА125', 7, 'NHW203462069', 'Серый'),
(117, 176, 1850, 2011, 'Х660МС125', 7, 'JTEBX9FJ7BKO44735', 'Черный'),
(118, 176, 1826, 2008, 'М186ВР125', 8, 'GRS2030001484', 'БЕЛЫЙ'),
(119, 127, 1374, 2011, 'Х925МН125', 5, 'TNE52002053', 'Черный'),
(120, 176, 1810, 2013, 'о540ах125', 11, 'XW7BF4FK005031592', 'ЧЕРНЫЙ'),
(121, 176, 2170, 2011, 'с277мр125', 11, 'ZVW301415013', 'Белый'),
(122, 176, 2273, 2009, 'с065кн125', 4, 'NZE1416119850', 'белый'),
(123, 147, 1592, 2014, 'х249аа125', 4, 'X7LLZL70F51301079', 'белый'),
(124, 176, 1850, 2010, 'х912ко125', 4, 'TRJ1500007311', 'черный'),
(125, 127, 2138, 2010, 'н998ее125', 4, 'TNJ32050337', 'серый'),
(126, 176, 2210, 2011, 'х557ен125', 4, 'NCP1302025975', 'белый'),
(127, 176, 2273, 2011, 'Е230КУ125', 5, 'NZE1413004112', 'белый'),
(128, 166, 1716, 2008, 'А047НК125', 4, 'SH5012340', 'Серый'),
(129, 166, 1716, 2008, 'А047НК125', 4, 'SH5012340', 'серый'),
(130, 176, 2275, 2012, 'Н865МК125', 5, 'NZE1617005466', 'Черный'),
(131, 166, 1716, 2010, 'Т576МН125', 5, 'SH5055092', 'Серый'),
(132, 176, 2210, 2011, 'К944МР125', 5, 'NCP1302035943', 'Серый'),
(133, 76, 22274, 2013, 'Т766МР125', 5, 'GP11237789', 'Черный'),
(134, 127, 2148, 2009, 'н745мв125', 5, 'NT31058685', 'Черный'),
(135, 127, 1381, 2010, 'О322МУ125', 5, 'YF15003715', 'Серый'),
(136, 176, 2170, 2011, 'т264мт125', 8, 'ZVW305304324', 'белый'),
(137, 176, 2212, 2008, 'О692ВВ126', 8, 'ZRR750025476', 'ТЕМНО-СЕРЫЙ'),
(138, 176, 2210, 2011, 'н031аа125', 5, 'nsp1352004622', 'белый'),
(139, 99, 2282, 2006, 'С855КС197', 5, 'JTJHK31U202008716', 'Cветло-голубой'),
(140, 176, 1793, 2011, 'с517кт125', 5, 'ZRT2603100869', 'белый'),
(141, 127, 2148, 2009, 'У637МА125', 8, 'NT31038754', 'СЕРЫЙ'),
(142, 176, 1793, 2005, 'В106НЕ125', 5, 'NZT2400080192', 'Серый'),
(143, 176, 2210, 2008, 'А602МЕ125', 8, 'NCP950046605', 'БЕЛЫЙ'),
(144, 167, 1758, 2009, 'в484ма125', 8, 'zc71s570791', 'черный'),
(145, 176, 2276, 2008, 'о062мх125', 4, 'JTMHT05j804014331', 'Черный'),
(146, 127, 1381, 2011, 'е910му125', 7, 'YF15043806', 'Серый'),
(147, 166, 1716, 2007, 'М320МС125', 7, 'SG5128543', 'СИНИЙ'),
(148, 166, 1717, 2009, 'А617ОО125', 7, 'GH3012664', 'Серый'),
(149, 123, 1300, 2012, 'Е394МР125', 7, 'Z8TXTGF2WDM000246', 'Серый'),
(150, 99, 2277, 2008, 'Т579МТ125', 7, 'JTJHY00WX04029902', 'СЕРЕБРИСТЫЙ'),
(151, 127, 2148, 2003, 'А490ОЕ125', 7, 'NT30081598', 'Серый'),
(152, 123, 1300, 2011, 'Н212МС125', 7, 'CW5W0300448', 'Черный'),
(153, 99, 2285, 2003, 'У910МС125', 7, 'JTJHA31U940035772', 'Черный'),
(154, 166, 1716, 2011, 'У071МС125', 9, 'SHJ009817', 'Серый'),
(155, 176, 2273, 2011, 'Н632МХ125', 8, 'NZE1446025007', 'СЕРЫЙ'),
(156, 127, 1390, 2003, 'С373РУ125', 5, 'BNK12063166', 'ЖЕЛТЫЙ'),
(157, 166, 1716, 2010, 'Т576МН125', 8, 'SH55055092', 'СЕРЫЙ'),
(158, 176, 1850, 2012, 'У527МХ125', 8, 'JTEBX3FJ60K106850', 'СЕРЫЙ'),
(159, 176, 2212, 2015, 'Р374МТ125', 8, 'ZRR850034929', 'СЕРЫЙ'),
(160, 176, 2170, 2011, 'У038МУ125', 8, 'ZVW305365689', 'серый'),
(161, 176, 1810, 2013, 'х411кт125', 8, 'XM7BFK40SO44524', 'черный'),
(162, 127, 2148, 2002, 'Т878ЕО125', 8, 'NT30049393', 'СЕРЫЙ'),
(163, 80, 862, 2011, 'Е868МУ197', 11, 'JN1TCNS51U0440484', 'СЕРЕБРИСТЫЙ'),
(164, 167, 1745, 2007, 'М335КС125', 11, 'JSAJTD54V00228308', 'БЕЖЕВЫЙ'),
(165, 176, 2273, 2008, 'С711МС125', 11, 'NZE1446011012', 'БЕЛЫЙ'),
(166, 176, 1793, 2007, 'С810КВ125', 11, 'NZT2603016725', 'КРАСНЫЙ'),
(167, 76, 774, 2009, 'Х478МВ125', 11, 'GE61220954', 'БЕЛЫЙ'),
(168, 127, 2148, 2011, 'М955КК125', 11, 'NT31227940', 'БЕЛЫЙ'),
(169, 176, 1793, 2010, 'Е306МО125', 11, 'ZRT2653013182', 'ТЕМНО-СИНИЙ'),
(170, 176, 1838, 2012, 'Х583МА125', 11, 'ACU300126032', 'ЧЕРНЫЙ'),
(171, 76, 778, 2009, 'Р221КУ125', 9, 'ZE21152033', 'СЕРЫЙ'),
(172, 166, 1716, 2008, 'М020МН125', 9, 'SH5021453', 'СЕРЫЙ'),
(173, 176, 2210, 2011, 'В409КК125', 9, 'NSP1352005472', 'БЕЛЫЙ'),
(174, 176, 1850, 2013, 'В408МХ125', 9, 'TRJ1500036392', 'ЧЕРНЫЙ'),
(175, 176, 1850, 2005, 'е110мх125', 4, 'JTEBL29J955010538', 'Черный'),
(176, 99, 2282, 2006, 'В379НТ125', 9, 'JTJHK31U502004742', 'СВЕТЛО-ГОЛУБОЙ'),
(177, 127, 2148, 2014, 'Е485НЕ125', 9, 'NT32503836', 'ЧЕРНЫЙ'),
(178, 176, 2170, 2012, 'У891МХ125', 9, 'ZVW305413538', 'СЕРЫЙ'),
(179, 99, 2279, 2009, 'А828СК125', 5, 'JTJBM7FXXA5002768', 'Белый');

-- --------------------------------------------------------

--
-- Структура таблицы `car_makes`
--

CREATE TABLE IF NOT EXISTS `car_makes` (
  `id` int(11) NOT NULL,
  `name` varchar(500) NOT NULL
) ENGINE=InnoDB DEFAULT CHARSET=utf8;

--
-- Дамп данных таблицы `car_makes`
--

INSERT INTO `car_makes` (`id`, `name`) VALUES
(1, 'AC'),
(2, 'Acura'),
(3, 'Alfa Romeo'),
(4, 'Alpine'),
(5, 'AM General'),
(6, 'Ariel'),
(7, 'Aro'),
(8, 'Asia'),
(9, 'Aston Martin'),
(10, 'Audi'),
(11, 'Austin'),
(12, 'Autobianchi'),
(13, 'Baltijas Dzips'),
(14, 'Beijing'),
(15, 'Bentley'),
(16, 'Bertone'),
(17, 'Bitter'),
(18, 'BMW'),
(19, 'BMW Alpina'),
(20, 'Brabus'),
(21, 'Brilliance'),
(22, 'Bristol'),
(23, 'Bufori'),
(24, 'Bugatti'),
(25, 'Buick'),
(26, 'BYD'),
(27, 'Byvin'),
(28, 'Cadillac'),
(29, 'Callaway'),
(30, 'Carbodies'),
(31, 'Caterham'),
(32, 'Changan'),
(33, 'ChangFeng'),
(34, 'Chery'),
(35, 'Chevrolet'),
(36, 'Chrysler'),
(37, 'Citroen'),
(38, 'Cizeta'),
(39, 'Coggiola'),
(40, 'Dacia'),
(41, 'Dadi'),
(42, 'Daewoo'),
(43, 'DAF'),
(44, 'Daihatsu'),
(45, 'Daimler'),
(46, 'Dallas'),
(47, 'Datsun'),
(48, 'De Tomaso'),
(49, 'DeLorean'),
(50, 'Derways'),
(51, 'Dodge'),
(52, 'DongFeng'),
(53, 'Doninvest'),
(54, 'Donkervoort'),
(55, 'E-Car'),
(56, 'Eagle'),
(57, 'Eagle Cars'),
(58, 'Ecomotors'),
(59, 'FAW'),
(60, 'Ferrari'),
(61, 'Fiat'),
(62, 'Fisker'),
(63, 'Ford'),
(64, 'Foton'),
(65, 'FSO'),
(66, 'Fuqi'),
(67, 'Geely'),
(68, 'Geo'),
(69, 'GMC'),
(70, 'Gonow'),
(71, 'Great Wall'),
(72, 'Hafei'),
(73, 'Haima'),
(74, 'Hindustan'),
(75, 'Holden'),
(76, 'Honda'),
(77, 'HuangHai'),
(78, 'Hummer'),
(79, 'Hyundai'),
(80, 'Infiniti'),
(81, 'Innocenti'),
(82, 'Invicta'),
(83, 'Iran Khodro'),
(84, 'Isdera'),
(85, 'Isuzu'),
(86, 'IVECO'),
(87, 'JAC'),
(88, 'Jaguar'),
(89, 'Jeep'),
(90, 'Jensen'),
(91, 'JMC'),
(92, 'Kia'),
(93, 'Koenigsegg'),
(94, 'KTM'),
(95, 'Lamborghini'),
(96, 'Lancia'),
(97, 'Land Rover'),
(98, 'Landwind'),
(99, 'Lexus'),
(100, 'Liebao Motor'),
(101, 'Lifan'),
(102, 'Lincoln'),
(103, 'Lotus'),
(104, 'LTI'),
(105, 'Luxgen'),
(106, 'Mahindra'),
(107, 'Marcos'),
(108, 'Marlin'),
(109, 'Marussia'),
(110, 'Maruti'),
(111, 'Maserati'),
(112, 'Maybach'),
(113, 'Mazda'),
(114, 'McLaren'),
(115, 'Mega'),
(116, 'Mercedes-Benz'),
(117, 'Mercury'),
(118, 'Metrocab'),
(119, 'MG'),
(120, 'Microcar'),
(121, 'Minelli'),
(122, 'Mini'),
(123, 'Mitsubishi'),
(124, 'Mitsuoka'),
(125, 'Morgan'),
(126, 'Morris'),
(127, 'Nissan'),
(128, 'Noble'),
(129, 'Oldsmobile'),
(130, 'Opel'),
(131, 'Osca'),
(132, 'Pagani'),
(133, 'Panoz'),
(134, 'Perodua'),
(135, 'Peugeot'),
(136, 'Piaggio'),
(137, 'Plymouth'),
(138, 'Pontiac'),
(139, 'Porsche'),
(140, 'Premier'),
(141, 'Proton'),
(142, 'PUCH'),
(143, 'Puma'),
(144, 'Qoros'),
(145, 'Qvale'),
(146, 'Reliant'),
(147, 'Renault'),
(148, 'Renault Samsung'),
(149, 'Rolls-Royce'),
(150, 'Ronart'),
(151, 'Rover'),
(152, 'Saab'),
(153, 'Saleen'),
(154, 'Santana'),
(155, 'Saturn'),
(156, 'Scion'),
(157, 'SEAT'),
(158, 'ShuangHuan'),
(159, 'Skoda'),
(160, 'Smart'),
(161, 'Soueast'),
(162, 'Spectre'),
(163, 'Spyker'),
(165, 'Ssang Yong'),
(166, 'Subaru'),
(167, 'Suzuki'),
(168, 'Talbot'),
(169, 'TATA'),
(170, 'Tatra'),
(171, 'Tazzari'),
(172, 'Tesla'),
(173, 'Tianma'),
(174, 'Tianye'),
(175, 'Tofas'),
(176, 'Toyota'),
(177, 'Trabant'),
(178, 'Tramontana'),
(179, 'Triumph'),
(180, 'TVR'),
(181, 'Vauxhall'),
(182, 'Vector'),
(183, 'Venturi'),
(184, 'Volkswagen'),
(185, 'Volvo'),
(186, 'Vortex'),
(187, 'Wartburg'),
(188, 'Westfield'),
(189, 'Wiesmann'),
(190, 'Xin Kai'),
(191, 'Zastava'),
(192, 'Zotye'),
(193, 'ZX'),
(211, 'Ё-мобиль'),
(212, 'Автокам'),
(213, 'Астро'),
(214, 'Бронто'),
(215, 'ВАЗ'),
(216, 'ГАЗ'),
(217, 'ЗАЗ'),
(218, 'ЗИЛ'),
(219, 'ИЖ'),
(220, 'КамАЗ'),
(221, 'Канонир'),
(222, 'ЛУАЗ'),
(223, 'Москвич'),
(224, 'СМЗ'),
(225, 'СеАЗ'),
(226, 'ТагАЗ'),
(227, 'УАЗ'),
(280, 'Ultima'),
(282, 'Hawtai'),
(284, 'Renaissance'),
(0, 'hjkgjhgf'),
(0, 'ghjjgmh');

-- --------------------------------------------------------

--
-- Структура таблицы `car_models`
--

CREATE TABLE IF NOT EXISTS `car_models` (
  `id` int(11) NOT NULL,
  `car_make` int(11) NOT NULL,
  `name` varchar(500) NOT NULL
) ENGINE=InnoDB AUTO_INCREMENT=22276 DEFAULT CHARSET=utf8;

--
-- Дамп данных таблицы `car_models`
--

INSERT INTO `car_models` (`id`, `car_make`, `name`) VALUES
(0, 1, '378 GT Zagato'),
(1, 123, 'Lancer X'),
(2, 1, 'Ace'),
(3, 1, 'Aceca'),
(4, 1, 'Cobra'),
(5, 2, 'CL'),
(6, 2, 'CSX'),
(7, 2, 'EL'),
(8, 2, 'ILX'),
(9, 2, 'Integra'),
(10, 2, 'Legend'),
(11, 2, 'MDX'),
(12, 2, 'NSX'),
(13, 2, 'RDX'),
(14, 2, 'RL'),
(15, 2, 'RLX'),
(16, 2, 'RSX'),
(17, 2, 'SLX'),
(18, 2, 'TL'),
(19, 2, 'TSX'),
(20, 2, 'ZDX'),
(21, 3, '145'),
(22, 3, '146'),
(23, 3, '147'),
(24, 3, '155'),
(25, 3, '156'),
(26, 3, '159'),
(27, 3, '164'),
(28, 3, '166'),
(29, 3, '33'),
(30, 3, '4C'),
(31, 3, '6'),
(32, 3, '75'),
(33, 3, '8C Competizione'),
(34, 3, '90'),
(35, 3, 'Alfasud'),
(36, 3, 'Alfetta'),
(37, 3, 'Arna'),
(38, 3, 'Brera'),
(39, 3, 'Giulia'),
(40, 3, 'Giulietta'),
(41, 3, 'GT'),
(42, 3, 'GTA Coupe'),
(43, 3, 'GTV'),
(44, 3, 'MiTo'),
(45, 3, 'Montreal'),
(46, 3, 'RZ'),
(47, 3, 'Spider'),
(48, 3, 'Sprint'),
(49, 3, 'SZ'),
(50, 4, 'A110'),
(51, 4, 'A310'),
(52, 4, 'A610'),
(53, 4, 'GTA'),
(54, 5, 'HMMWV (Humvee)'),
(55, 6, 'Atom'),
(56, 7, '10'),
(57, 7, '24'),
(58, 8, 'Retona'),
(59, 8, 'Rocsta'),
(60, 9, 'Bulldog'),
(61, 9, 'Cygnet'),
(62, 9, 'DB7'),
(63, 9, 'DB9'),
(64, 9, 'DBS'),
(65, 9, 'Lagonda'),
(66, 9, 'One-77'),
(67, 9, 'Rapide'),
(68, 9, 'Tickford Capri'),
(69, 9, 'V12 Vanquish'),
(70, 9, 'V12 Vantage'),
(71, 9, 'V12 Zagato'),
(72, 9, 'V8 Vantage'),
(73, 9, 'V8 Zagato'),
(74, 9, 'Virage'),
(75, 10, '100'),
(76, 10, '200'),
(77, 10, '50'),
(78, 10, '80'),
(79, 10, '90'),
(80, 10, 'A1'),
(81, 10, 'A2'),
(82, 10, 'A3'),
(83, 10, 'A4 allroad'),
(84, 10, 'A4'),
(85, 10, 'A5'),
(86, 10, 'A6 allroad'),
(87, 10, 'A6'),
(88, 10, 'A7'),
(89, 10, 'A8'),
(90, 10, 'Cabriolet'),
(91, 10, 'Coupe'),
(92, 10, 'NSU RO 80'),
(93, 10, 'Q3'),
(94, 10, 'Q5'),
(95, 10, 'Q7'),
(96, 10, 'quattro'),
(97, 10, 'R8'),
(98, 10, 'RS Q3'),
(99, 10, 'RS2'),
(100, 10, 'RS3'),
(101, 10, 'RS4'),
(102, 10, 'RS5'),
(103, 10, 'RS6'),
(104, 10, 'RS7'),
(105, 10, 'S1'),
(106, 10, 'S2'),
(107, 10, 'S3'),
(108, 10, 'S4'),
(109, 10, 'S5'),
(110, 10, 'S6'),
(111, 10, 'S7'),
(112, 10, 'S8'),
(113, 10, 'SQ5'),
(114, 10, 'TT'),
(115, 10, 'V8'),
(116, 11, 'Allegro'),
(117, 11, 'Ambassador'),
(118, 11, 'Maestro'),
(119, 11, 'Maxi'),
(120, 11, 'Metro'),
(121, 11, 'Mini'),
(122, 11, 'Montego'),
(123, 11, 'Princess'),
(124, 12, 'A 112'),
(125, 13, 'BD-1322'),
(126, 14, 'BJ2020'),
(127, 14, 'BJ212'),
(128, 15, 'Arnage'),
(129, 15, 'Azure'),
(130, 15, 'Brooklands'),
(131, 15, 'Continental'),
(132, 15, 'Continental Flying Spur'),
(133, 15, 'Continental GT'),
(134, 15, 'Eight'),
(135, 15, 'Flying Spur'),
(136, 15, 'Mulsanne'),
(137, 15, 'Turbo R'),
(138, 16, 'Freeclimber'),
(139, 17, 'Type 3'),
(140, 18, '02 (E10)'),
(141, 18, '1er'),
(142, 18, '2er'),
(143, 18, '2er Active Tourer'),
(144, 18, '3er'),
(145, 18, '4er'),
(146, 18, '5er'),
(147, 18, '6er'),
(148, 18, '7er'),
(149, 18, '8er'),
(150, 18, 'i3'),
(151, 18, 'i8'),
(152, 18, 'X1'),
(153, 18, 'X3'),
(154, 18, 'X4'),
(155, 18, 'X5'),
(156, 18, 'X6'),
(157, 18, 'Z1'),
(158, 18, 'Z3'),
(159, 18, 'Z4'),
(160, 18, 'Z8'),
(161, 19, '3er'),
(162, 19, '4er'),
(163, 19, '5er'),
(164, 19, '6er'),
(165, 19, '7er'),
(166, 19, '8er'),
(167, 19, 'Roadster'),
(168, 19, 'XD3'),
(169, 20, '7.3S'),
(170, 20, 'M V12'),
(171, 20, 'SV12'),
(172, 21, 'FRV (BS2)'),
(173, 21, 'M1 (BS6)'),
(174, 21, 'M2 (BS4)'),
(175, 21, 'M3 (BC3)'),
(176, 21, 'V5'),
(177, 22, 'Blenheim'),
(178, 22, 'Blenheim Speedster'),
(179, 22, 'Fighter'),
(180, 23, 'Geneva'),
(181, 23, 'La Joya'),
(182, 24, 'EB 110'),
(183, 24, 'EB 112'),
(184, 24, 'EB 16.4 Veyron'),
(185, 25, 'Century'),
(186, 25, 'Electra'),
(187, 25, 'Enclave'),
(188, 25, 'Excelle'),
(189, 25, 'GL8'),
(190, 25, 'LaCrosse'),
(191, 25, 'LeSabre'),
(192, 25, 'Lucerne'),
(193, 25, 'Park Avenue'),
(194, 25, 'Rainer'),
(195, 25, 'Reatta'),
(196, 25, 'Regal'),
(197, 25, 'Rendezvous'),
(198, 25, 'Riviera'),
(199, 25, 'Roadmaster'),
(200, 25, 'Skylark'),
(201, 25, 'Terraza'),
(202, 26, 'E6'),
(203, 26, 'F0'),
(204, 26, 'F3'),
(205, 26, 'F6'),
(206, 26, 'F8'),
(207, 26, 'Flyer'),
(208, 26, 'G3'),
(209, 26, 'G6'),
(210, 26, 'L3'),
(211, 26, 'M6'),
(212, 26, 'S6'),
(213, 27, 'BD132J (CoCo)'),
(214, 27, 'BD326J (Moca)'),
(215, 28, 'Allante'),
(216, 28, 'ATS'),
(217, 28, 'BLS'),
(218, 28, 'Brougham'),
(219, 28, 'Catera'),
(220, 28, 'CTS'),
(221, 28, 'De Ville'),
(222, 28, 'DTS'),
(223, 28, 'Eldorado'),
(224, 28, 'Escalade'),
(225, 28, 'Fleetwood'),
(226, 28, 'LSE'),
(227, 28, 'Seville'),
(228, 28, 'Sixty Special'),
(229, 28, 'SRX'),
(230, 28, 'STS'),
(231, 28, 'XLR'),
(232, 28, 'XTS'),
(233, 29, 'C12'),
(234, 30, 'FX4'),
(235, 31, '21'),
(236, 31, 'CSR'),
(237, 31, 'Seven'),
(238, 32, 'Benni'),
(239, 32, 'CS35'),
(240, 32, 'Eado'),
(241, 32, 'Raeton'),
(242, 32, 'Z-Shine'),
(244, 33, 'Flying'),
(245, 33, 'SUV (CS6)'),
(247, 34, 'Amulet (A15)'),
(248, 34, 'Bonus (A13)'),
(249, 34, 'CrossEastar (B14)'),
(250, 34, 'Fora (A21)'),
(251, 34, 'IndiS (S18D)'),
(252, 34, 'Kimo (A1)'),
(253, 34, 'Oriental Son (B11)'),
(254, 34, 'QQ6 (S21)'),
(255, 34, 'Sweet (QQ)'),
(256, 34, 'Tiggo (T11)'),
(257, 34, 'Very'),
(258, 35, 'Alero'),
(259, 35, 'Astra'),
(260, 35, 'Astro'),
(261, 35, 'Avalanche'),
(262, 35, 'Aveo'),
(263, 35, 'Beretta'),
(264, 35, 'Blazer'),
(265, 35, 'Blazer K5'),
(266, 35, 'C-10'),
(267, 35, 'Camaro'),
(268, 35, 'Caprice'),
(269, 35, 'Captiva'),
(270, 35, 'Cavalier'),
(271, 35, 'Celebrity'),
(272, 35, 'Celta'),
(273, 35, 'Chevette'),
(274, 35, 'Citation'),
(275, 35, 'Classic'),
(276, 35, 'Cobalt'),
(277, 35, 'Colorado'),
(278, 35, 'Corsa'),
(279, 35, 'Corsica'),
(280, 35, 'Corvette'),
(281, 35, 'Cruze (HR)'),
(282, 35, 'Cruze'),
(283, 35, 'Epica'),
(284, 35, 'Equinox'),
(285, 35, 'Evanda'),
(286, 35, 'Express'),
(287, 35, 'HHR'),
(288, 35, 'Impala'),
(289, 35, 'Kalos'),
(290, 35, 'Lacetti'),
(291, 35, 'Lanos'),
(292, 35, 'Lumina'),
(293, 35, 'Lumina APV'),
(294, 35, 'LUV D-MAX'),
(295, 35, 'Malibu'),
(296, 35, 'Metro'),
(297, 35, 'Monte Carlo'),
(298, 35, 'Monza'),
(299, 35, 'MW'),
(300, 35, 'Niva'),
(301, 35, 'Nubira'),
(302, 35, 'Omega'),
(303, 35, 'Orlando'),
(304, 35, 'Prizm'),
(305, 35, 'Rezzo'),
(306, 35, 'S-10 Pickup'),
(307, 35, 'Sail'),
(308, 35, 'Sonic'),
(309, 35, 'Spark'),
(310, 35, 'SSR'),
(311, 35, 'Starcraft'),
(312, 35, 'Suburban'),
(313, 35, 'Tahoe'),
(314, 35, 'Tavera'),
(315, 35, 'Tracker'),
(316, 35, 'TrailBlazer'),
(317, 35, 'Trans Sport'),
(318, 36, '200'),
(319, 36, '300C'),
(320, 36, '300M'),
(321, 36, 'Aspen'),
(322, 36, 'Cirrus'),
(323, 36, 'Concorde'),
(324, 36, 'Crossfire'),
(325, 36, 'Dynasty'),
(326, 36, 'Fifth Avenue'),
(327, 36, 'Imperial'),
(328, 36, 'Intrepid'),
(329, 36, 'Le Baron'),
(330, 36, 'LHS'),
(331, 36, 'Nassau'),
(332, 36, 'Neon'),
(333, 36, 'NEW Yorker'),
(334, 36, 'Pacifica'),
(335, 36, 'Prowler'),
(336, 36, 'PT Cruiser'),
(337, 36, 'Saratoga'),
(338, 36, 'Sebring'),
(339, 36, 'Stratus'),
(340, 36, 'TC by Maserati'),
(341, 36, 'Town & Country'),
(342, 36, 'Viper'),
(343, 36, 'Vision'),
(344, 36, 'Voyager'),
(345, 37, '2 CV'),
(346, 37, 'AMI'),
(347, 37, 'Ax'),
(348, 37, 'Berlingo'),
(349, 37, 'BX'),
(350, 37, 'C-Crosser'),
(351, 37, 'C-Elysee'),
(352, 37, 'C1'),
(353, 37, 'C2'),
(354, 37, 'C3'),
(355, 37, 'C3 Picasso'),
(356, 37, 'C4 Aircross'),
(357, 37, 'C4 Cactus'),
(358, 37, 'C4'),
(359, 37, 'C4 Picasso'),
(360, 37, 'C5'),
(361, 37, 'C6'),
(362, 37, 'C8'),
(363, 37, 'CX'),
(364, 37, 'DS3'),
(365, 37, 'DS4'),
(366, 37, 'DS5'),
(367, 37, 'Dyane'),
(368, 37, 'Evasion'),
(369, 37, 'GS'),
(370, 37, 'LNA'),
(371, 37, 'Saxo'),
(372, 37, 'Visa'),
(373, 37, 'Xantia'),
(374, 37, 'XM'),
(375, 37, 'Xsara'),
(376, 37, 'Xsara Picasso'),
(377, 37, 'ZX'),
(378, 38, 'V16t'),
(379, 39, 'T Rex'),
(380, 40, '1300'),
(381, 40, '1310'),
(382, 40, '1410'),
(383, 40, 'Dokker'),
(384, 40, 'Duster'),
(385, 40, 'Lodgy'),
(386, 40, 'Logan'),
(387, 40, 'Nova'),
(388, 40, 'Sandero'),
(389, 40, 'Solenza'),
(390, 41, 'City Leading'),
(391, 41, 'Shuttle'),
(392, 41, 'Smoothing'),
(393, 42, 'Arcadia'),
(394, 42, 'Chairman'),
(395, 42, 'Damas'),
(396, 42, 'Espero'),
(397, 42, 'Evanda'),
(398, 42, 'G2X'),
(399, 42, 'Gentra'),
(400, 42, 'Kalos'),
(401, 42, 'Korando'),
(402, 42, 'Lacetti'),
(403, 42, 'Lanos (Sens)'),
(404, 42, 'LE Mans'),
(405, 42, 'Leganza'),
(406, 42, 'Magnus'),
(407, 42, 'Matiz'),
(408, 42, 'Musso'),
(409, 42, 'Nexia'),
(410, 42, 'Nubira'),
(411, 42, 'Prince'),
(412, 42, 'Racer'),
(413, 42, 'Rezzo'),
(414, 42, 'Tacuma'),
(415, 42, 'Tico'),
(416, 42, 'Tosca'),
(417, 42, 'Winstorm'),
(418, 43, '46'),
(419, 43, '66'),
(420, 44, 'Altis'),
(421, 44, 'Applause'),
(422, 44, 'Atrai'),
(423, 44, 'Be-go'),
(424, 44, 'Boon'),
(425, 44, 'Ceria'),
(426, 44, 'Charade'),
(427, 44, 'Charmant'),
(428, 44, 'Coo'),
(429, 44, 'Copen'),
(430, 44, 'Cuore'),
(431, 44, 'Delta Wagon'),
(432, 44, 'Esse'),
(433, 44, 'Feroza'),
(434, 44, 'Gran Move'),
(435, 44, 'Leeza'),
(436, 44, 'Materia'),
(437, 44, 'MAX'),
(438, 44, 'Mira Gino'),
(439, 44, 'Mira'),
(440, 44, 'Move'),
(441, 44, 'Naked'),
(442, 44, 'Opti'),
(443, 44, 'Pyzar'),
(444, 44, 'Rocky'),
(445, 44, 'Sirion'),
(446, 44, 'Sonica'),
(447, 44, 'Storia'),
(448, 44, 'Taft'),
(449, 44, 'Tanto'),
(450, 44, 'Terios'),
(451, 44, 'Trevis'),
(452, 44, 'Wildcat'),
(453, 44, 'Xenia'),
(454, 44, 'YRV'),
(455, 45, 'DS420'),
(456, 45, 'Sovereign (XJ6)'),
(457, 45, 'X300'),
(458, 45, 'X308'),
(459, 45, 'X350'),
(460, 45, 'XJ40'),
(461, 45, 'XJS'),
(462, 46, 'Jeep'),
(463, 47, '280ZX'),
(464, 47, '720'),
(465, 47, 'Bluebird'),
(466, 47, 'Cherry'),
(467, 47, 'GO'),
(468, 47, 'GO+'),
(469, 47, 'on-DO'),
(470, 47, 'Stanza'),
(471, 47, 'Sunny'),
(472, 47, 'Violet'),
(473, 48, 'Bigua'),
(474, 48, 'Guara'),
(475, 48, 'Mangusta'),
(476, 48, 'Pantera'),
(477, 48, 'Vallelunga'),
(478, 49, 'DMC-12'),
(479, 50, 'Antelope'),
(480, 50, 'Aurora'),
(481, 50, 'Cowboy'),
(482, 50, 'Land Crown'),
(483, 50, 'Plutus'),
(484, 50, 'Saladin'),
(485, 50, 'Shuttle'),
(486, 51, '600'),
(487, 51, 'Aries'),
(488, 51, 'Avenger'),
(489, 51, 'Caliber'),
(490, 51, 'Caravan'),
(491, 51, 'Challenger'),
(492, 51, 'Charger'),
(493, 51, 'Dakota'),
(494, 51, 'Dart'),
(495, 51, 'Daytona'),
(496, 51, 'Durango'),
(497, 51, 'Dynasty'),
(498, 51, 'Grand Caravan'),
(499, 51, 'Intrepid'),
(500, 51, 'Journey'),
(501, 51, 'Magnum'),
(502, 51, 'Monaco'),
(503, 51, 'Neon'),
(504, 51, 'Nitro'),
(505, 51, 'Omni'),
(506, 51, 'RAM'),
(507, 51, 'Ramcharger'),
(508, 51, 'Shadow'),
(509, 51, 'Spirit'),
(510, 51, 'Stealth'),
(511, 51, 'Stratus'),
(512, 51, 'Viper'),
(513, 52, 'H30 Cross'),
(514, 52, 'MPV'),
(515, 52, 'Oting'),
(516, 52, 'Rich'),
(517, 53, 'Assol'),
(518, 53, 'Kondor'),
(519, 53, 'Orion'),
(520, 54, 'D8'),
(521, 55, 'GD04B'),
(522, 56, 'Premier'),
(523, 56, 'Summit'),
(524, 56, 'Talon'),
(525, 56, 'Vision'),
(526, 57, 'SS'),
(527, 58, 'Estrima Biro'),
(528, 59, 'A6'),
(529, 59, 'Audi 100'),
(530, 59, 'Besturn B50'),
(531, 59, 'Besturn B70'),
(532, 59, 'Bora'),
(533, 59, 'City Golf'),
(534, 59, 'Jetta'),
(535, 59, 'Jinn'),
(536, 59, 'Oley'),
(537, 59, 'V2'),
(538, 59, 'V5'),
(539, 59, 'Vita'),
(540, 60, '208/308'),
(541, 60, '328'),
(542, 60, '348'),
(543, 60, '360'),
(544, 60, '400'),
(545, 60, '412'),
(546, 60, '456'),
(547, 60, '458'),
(548, 60, '512 BB'),
(549, 60, '512 M'),
(550, 60, '512 TR'),
(551, 60, '550'),
(552, 60, '575M'),
(553, 60, '599'),
(554, 60, '612'),
(555, 60, 'California'),
(556, 60, 'Enzo'),
(557, 60, 'F12berlinetta'),
(558, 60, 'F355'),
(559, 60, 'F40'),
(560, 60, 'F430'),
(561, 60, 'F50'),
(562, 60, 'FF'),
(563, 60, 'LaFerrari'),
(564, 60, 'Mondial'),
(565, 60, 'Testarossa'),
(566, 61, '124'),
(567, 61, '126'),
(568, 61, '127'),
(569, 61, '128'),
(570, 61, '130'),
(571, 61, '131'),
(572, 61, '132'),
(573, 61, '238'),
(574, 61, '500'),
(575, 61, '500L'),
(576, 61, '600'),
(577, 61, '900T'),
(578, 61, 'Albea'),
(579, 61, 'Argenta'),
(580, 61, 'Barchetta'),
(581, 61, 'Brava'),
(582, 61, 'Bravo'),
(583, 61, 'Cinquecento'),
(584, 61, 'Coupe'),
(585, 61, 'Croma'),
(586, 61, 'Doblo'),
(587, 61, 'Duna'),
(588, 61, 'Fiorino'),
(589, 61, 'Freemont'),
(590, 61, 'Idea'),
(591, 61, 'Linea'),
(592, 61, 'Marea'),
(593, 61, 'Multipla'),
(594, 61, 'Palio'),
(595, 61, 'Panda'),
(596, 61, 'Punto'),
(597, 61, 'Qubo'),
(598, 61, 'Regata'),
(599, 61, 'Ritmo'),
(600, 61, 'Sedici'),
(601, 61, 'Seicento'),
(602, 61, 'Siena'),
(603, 61, 'Stilo'),
(604, 61, 'Strada'),
(605, 61, 'Tempra'),
(606, 61, 'Tipo'),
(607, 61, 'Ulysse'),
(608, 61, 'UNO'),
(609, 61, 'X 1/9'),
(610, 62, 'Karma'),
(611, 63, 'Aerostar'),
(612, 63, 'Aspire'),
(613, 63, 'B-MAX'),
(614, 63, 'Bronco'),
(615, 63, 'C-MAX'),
(616, 63, 'Capri'),
(617, 63, 'Consul'),
(618, 63, 'Contour'),
(619, 63, 'Cougar'),
(620, 63, 'Crown Victoria'),
(621, 63, 'Econoline'),
(622, 63, 'EcoSport'),
(623, 63, 'Edge'),
(624, 63, 'Escape'),
(625, 63, 'Escort (North America)'),
(626, 63, 'Escort'),
(627, 63, 'Everest'),
(628, 63, 'Excursion'),
(629, 63, 'Expedition'),
(630, 63, 'Explorer'),
(631, 63, 'F-150'),
(632, 63, 'Fairmont'),
(633, 63, 'Festiva'),
(634, 63, 'Fiesta'),
(635, 63, 'Five Hundred'),
(636, 63, 'Flex'),
(637, 63, 'Focus'),
(638, 63, 'Freestar'),
(639, 63, 'Freestyle'),
(640, 63, 'Fusion (North America)'),
(641, 63, 'Fusion'),
(642, 63, 'Galaxy'),
(643, 63, 'Granada (North America)'),
(644, 63, 'Granada'),
(645, 63, 'GT'),
(646, 63, 'Ixion'),
(647, 63, 'KA'),
(648, 63, 'Kuga'),
(649, 63, 'Laser'),
(650, 63, 'LTD Crown Victoria'),
(651, 63, 'Maverick'),
(652, 63, 'Mondeo'),
(653, 63, 'Mustang'),
(654, 63, 'Orion'),
(655, 63, 'Probe'),
(656, 63, 'Puma'),
(657, 63, 'Ranger (North America)'),
(658, 63, 'Ranger'),
(659, 63, 'S-MAX'),
(660, 63, 'Scorpio'),
(661, 63, 'Sierra'),
(662, 63, 'Sport Trac'),
(663, 63, 'Taunus'),
(664, 63, 'Taurus'),
(665, 63, 'Taurus X'),
(666, 63, 'Tempo'),
(667, 63, 'Thunderbird'),
(668, 63, 'Tourneo Connect'),
(669, 63, 'Windstar'),
(670, 64, 'Midi'),
(671, 64, 'Tunland'),
(672, 65, '125p'),
(673, 65, '126p'),
(674, 65, '127p'),
(675, 65, '132p'),
(676, 65, 'Polonez'),
(677, 66, '6500 (Land King)'),
(678, 67, 'Beauty Leopard'),
(679, 67, 'CK (Otaka)'),
(680, 67, 'Emgrand EC7'),
(681, 67, 'Emgrand EC8'),
(682, 67, 'Emgrand X7'),
(683, 67, 'FC (Vision)'),
(684, 67, 'Haoqing'),
(685, 67, 'LC (Panda)'),
(686, 67, 'LC (Panda) Cross'),
(687, 67, 'MK Cross'),
(688, 67, 'MK'),
(689, 67, 'MR'),
(690, 68, 'Metro'),
(691, 68, 'Prizm'),
(692, 68, 'Spectrum'),
(693, 68, 'Storm'),
(694, 68, 'Tracker'),
(695, 69, 'Acadia'),
(696, 69, 'Canyon'),
(697, 69, 'Envoy'),
(698, 69, 'Jimmy'),
(699, 69, 'Safari'),
(700, 69, 'Savana'),
(701, 69, 'Sierra'),
(702, 69, 'Sonoma'),
(703, 69, 'Suburban'),
(704, 69, 'Syclone'),
(705, 69, 'Terrain'),
(706, 69, 'Typhoon'),
(707, 69, 'Vandura'),
(708, 69, 'Yukon'),
(709, 70, 'Troy'),
(710, 71, 'Coolbear'),
(711, 71, 'Cowry (V80)'),
(712, 71, 'Deer'),
(713, 71, 'Florid'),
(714, 71, 'Hover'),
(715, 71, 'Hover M1 (Peri 4x4)'),
(716, 71, 'Hover M2'),
(717, 71, 'Hover M4'),
(718, 71, 'Pegasus'),
(719, 71, 'Peri'),
(720, 71, 'Safe'),
(721, 71, 'Sailor'),
(722, 71, 'Sing RUV'),
(723, 71, 'Socool'),
(724, 71, 'Voleex C10 (Phenom)'),
(725, 71, 'Wingle'),
(726, 72, 'Brio'),
(727, 72, 'Princip'),
(728, 72, 'Saibao'),
(729, 72, 'Sigma'),
(730, 72, 'Simbo'),
(731, 73, '3'),
(732, 73, '7'),
(733, 73, 'M3'),
(734, 74, 'Ambassador'),
(735, 74, 'Contessa'),
(736, 75, 'Apollo'),
(737, 75, 'Astra'),
(738, 75, 'Barina'),
(739, 75, 'Calais'),
(740, 75, 'Caprice'),
(741, 75, 'Combo'),
(742, 75, 'Commodore'),
(743, 75, 'Cruze'),
(744, 75, 'Frontera'),
(745, 75, 'Jackaroo'),
(746, 75, 'Monaro'),
(747, 75, 'Rodeo'),
(748, 75, 'Statesmann'),
(749, 75, 'Suburban'),
(750, 75, 'UTE'),
(751, 75, 'Vectra'),
(752, 75, 'Zafira'),
(753, 76, 'Accord'),
(754, 76, 'Airwave'),
(755, 76, 'Ascot'),
(756, 76, 'Avancier'),
(757, 76, 'Beat'),
(758, 76, 'Capa'),
(759, 76, 'City'),
(760, 76, 'Civic Ferio'),
(761, 76, 'Civic'),
(762, 76, 'Concerto'),
(763, 76, 'CR-V'),
(764, 76, 'CR-X'),
(765, 76, 'CR-Z'),
(766, 76, 'Crossroad'),
(767, 76, 'Crosstour'),
(768, 76, 'Domani'),
(769, 76, 'Edix'),
(770, 76, 'Element'),
(771, 76, 'Elysion'),
(772, 76, 'FCX Clarity'),
(773, 76, 'Fit Aria'),
(774, 76, 'Fit'),
(775, 76, 'FR-V'),
(776, 76, 'Freed'),
(777, 76, 'HR-V'),
(778, 76, 'Insight'),
(779, 76, 'Inspire'),
(780, 76, 'Integra'),
(781, 76, 'Integra SJ'),
(782, 76, 'Jazz'),
(783, 76, 'Legend'),
(784, 76, 'Life'),
(785, 76, 'Logo'),
(786, 76, 'MDX'),
(787, 76, 'Mobilio'),
(788, 76, 'NSX'),
(789, 76, 'Odyssey (North America)'),
(790, 76, 'Odyssey'),
(791, 76, 'Orthia'),
(792, 76, 'Partner'),
(793, 76, 'Passport'),
(794, 76, 'Pilot'),
(795, 76, 'Prelude'),
(796, 76, 'Quint'),
(797, 76, 'Rafaga'),
(798, 76, 'Ridgeline'),
(799, 76, 'S-MX'),
(800, 76, 'S2000'),
(801, 76, 'Saber'),
(802, 76, 'Shuttle'),
(803, 76, 'Stepwgn'),
(804, 76, 'Stream'),
(805, 76, 'That''S'),
(806, 76, 'Today'),
(807, 76, 'Torneo'),
(808, 76, 'Vamos'),
(809, 76, 'Vigor'),
(810, 76, 'Z'),
(811, 76, 'Zest'),
(812, 77, 'Antelope'),
(813, 77, 'Landscape'),
(814, 77, 'Plutus'),
(815, 78, 'H1'),
(816, 78, 'H2'),
(817, 78, 'H3'),
(818, 79, 'Accent'),
(819, 79, 'Atos'),
(820, 79, 'Avante'),
(821, 79, 'Centennial'),
(822, 79, 'Coupe'),
(823, 79, 'Dynasty'),
(824, 79, 'Elantra'),
(825, 79, 'Equus'),
(826, 79, 'Excel'),
(827, 79, 'Galloper'),
(828, 79, 'Genesis'),
(829, 79, 'Genesis Coupe'),
(830, 79, 'Getz'),
(831, 79, 'Grandeur'),
(832, 79, 'i10'),
(833, 79, 'i20'),
(834, 79, 'i30'),
(835, 79, 'i40'),
(836, 79, 'ix20'),
(837, 79, 'ix35'),
(838, 79, 'ix55'),
(839, 79, 'Lantra'),
(840, 79, 'Lavita'),
(841, 79, 'Marcia'),
(842, 79, 'Matrix'),
(843, 79, 'Maxcruz'),
(844, 79, 'Pony'),
(845, 79, 'Santa Fe'),
(846, 79, 'Santamo'),
(847, 79, 'Scoupe'),
(848, 79, 'Solaris'),
(849, 79, 'Sonata'),
(850, 79, 'Starex (H-1)'),
(851, 79, 'Stellar'),
(852, 79, 'Terracan'),
(853, 79, 'Tiburon'),
(854, 79, 'Trajet'),
(855, 79, 'Tucson'),
(856, 79, 'Tuscani'),
(857, 79, 'Veloster'),
(858, 79, 'Veracruz'),
(859, 79, 'Verna'),
(860, 79, 'XG'),
(861, 80, 'EX'),
(862, 80, 'FX'),
(863, 80, 'G'),
(864, 80, 'I'),
(865, 80, 'J'),
(866, 80, 'JX'),
(867, 80, 'M'),
(868, 80, 'Q'),
(869, 80, 'Q50'),
(870, 80, 'Q60'),
(871, 80, 'QX'),
(872, 80, 'QX50'),
(873, 80, 'QX60'),
(874, 80, 'QX70'),
(875, 80, 'QX80'),
(876, 81, 'Elba'),
(877, 81, 'Mille'),
(878, 81, 'Mini'),
(879, 82, 'S1'),
(880, 83, 'Paykan'),
(881, 83, 'Samand'),
(882, 83, 'Soren'),
(883, 84, 'Commendatore 112i'),
(884, 84, 'Imperator 108i'),
(885, 84, 'Spyder'),
(886, 85, 'Amigo'),
(887, 85, 'Ascender'),
(888, 85, 'Aska'),
(889, 85, 'Axiom'),
(890, 85, 'Bighorn'),
(891, 85, 'D-Max'),
(892, 85, 'Gemini'),
(893, 85, 'Impulse'),
(894, 85, 'KB'),
(895, 85, 'Mu'),
(896, 85, 'MU-7'),
(897, 85, 'Piazza'),
(898, 85, 'Rodeo'),
(899, 85, 'Stylus'),
(900, 85, 'TF (Pickup)'),
(901, 85, 'Trooper'),
(902, 85, 'VehiCross'),
(903, 85, 'Wizard'),
(904, 86, 'Massif'),
(905, 87, 'J2 (Yueyue)'),
(906, 87, 'J3 (Tongyue,Tojoy)'),
(907, 87, 'J5 (Heyue)'),
(908, 87, 'J6 (Heyue RS)'),
(909, 87, 'J7 (Binyue)'),
(910, 87, 'Refine'),
(911, 87, 'S1 (Rein)'),
(912, 87, 'S5 (Eagle)'),
(913, 88, 'E-type 2+2'),
(914, 88, 'E-type'),
(915, 88, 'F-Type'),
(916, 88, 'S-Type'),
(917, 88, 'X-Type'),
(918, 88, 'XF'),
(919, 88, 'XJ'),
(920, 88, 'XJ220'),
(921, 88, 'XJS'),
(922, 88, 'XK'),
(923, 89, 'Cherokee'),
(924, 89, 'CJ'),
(925, 89, 'Commander'),
(926, 89, 'Compass'),
(927, 89, 'Grand Cherokee'),
(928, 89, 'Grand Wagoneer'),
(929, 89, 'Liberty (North America)'),
(930, 89, 'Liberty (Patriot)'),
(931, 89, 'Wrangler'),
(932, 90, 'S-V8'),
(933, 91, 'Baodian'),
(934, 92, 'Avella'),
(935, 92, 'Cadenza'),
(936, 92, 'Capital'),
(937, 92, 'Carens'),
(938, 92, 'Carnival'),
(939, 92, 'Cee''d'),
(940, 92, 'Cerato'),
(941, 92, 'Clarus'),
(942, 92, 'Concord'),
(943, 92, 'Elan'),
(944, 92, 'Enterprise'),
(945, 92, 'Joice'),
(946, 92, 'Magentis'),
(947, 92, 'Mohave (Borrego)'),
(948, 92, 'Opirus'),
(949, 92, 'Optima'),
(950, 92, 'Picanto'),
(951, 92, 'Potentia'),
(952, 92, 'Pride'),
(953, 92, 'Quoris'),
(954, 92, 'Ray'),
(955, 92, 'Retona'),
(956, 92, 'Rio'),
(957, 92, 'Sedona'),
(958, 92, 'Sephia'),
(959, 92, 'Shuma'),
(960, 92, 'Sorento'),
(961, 92, 'Soul'),
(962, 92, 'Spectra'),
(963, 92, 'Sportage'),
(964, 92, 'Venga'),
(965, 92, 'Visto'),
(966, 92, 'X-Trek'),
(967, 93, 'Agera'),
(968, 93, 'CC8S'),
(969, 93, 'CCR'),
(970, 93, 'CCX'),
(971, 93, 'One:1'),
(972, 94, 'X-Bow'),
(973, 95, 'Aventador'),
(974, 95, 'Countach'),
(975, 95, 'Diablo'),
(976, 95, 'Espada'),
(977, 95, 'Gallardo'),
(978, 95, 'Huracan'),
(979, 95, 'Jalpa'),
(980, 95, 'Jarama'),
(981, 95, 'LM001'),
(982, 95, 'LM002'),
(983, 95, 'Murcielago'),
(984, 95, 'Reventon'),
(985, 95, 'Urraco'),
(986, 95, 'Veneno'),
(987, 96, 'A 112'),
(988, 96, 'Beta'),
(989, 96, 'Dedra'),
(990, 96, 'Delta'),
(991, 96, 'Fulvia'),
(992, 96, 'Gamma'),
(993, 96, 'Hyena'),
(994, 96, 'Kappa'),
(995, 96, 'Lybra'),
(996, 96, 'Monte Carlo'),
(997, 96, 'Musa'),
(998, 96, 'Phedra'),
(999, 96, 'Prisma'),
(1000, 96, 'Thema'),
(1001, 96, 'Thesis'),
(1002, 96, 'Trevi'),
(1003, 96, 'Y10'),
(1004, 96, 'Ypsilon'),
(1005, 96, 'Zeta'),
(1006, 97, 'Defender'),
(1007, 97, 'Discovery'),
(1008, 97, 'Freelander'),
(1009, 97, 'Range Rover Evoque'),
(1010, 97, 'Range Rover'),
(1011, 97, 'Range Rover Sport'),
(1012, 97, 'Series I'),
(1013, 97, 'Series II'),
(1014, 97, 'Series III'),
(1015, 98, 'Fashion (CV9)'),
(1016, 98, 'Forward'),
(1017, 98, 'X5'),
(1018, 98, 'X6'),
(1019, 99, 'CT'),
(1020, 99, 'ES'),
(1021, 99, 'GS'),
(1023, 99, 'HS'),
(1024, 99, 'IS'),
(1025, 99, 'LFA'),
(1026, 99, 'LS'),
(1028, 99, 'RC'),
(1030, 99, 'SC'),
(1031, 100, 'Leopard'),
(1032, 101, 'Breez (520)'),
(1033, 101, 'Cebrium (720)'),
(1035, 101, 'Solano (620)'),
(1036, 101, 'X60'),
(1037, 102, 'Aviator'),
(1038, 102, 'Continental'),
(1039, 102, 'LS'),
(1040, 102, 'Mark LT'),
(1041, 102, 'Mark VII'),
(1042, 102, 'Mark VIII'),
(1043, 102, 'MKC'),
(1044, 102, 'MKS'),
(1045, 102, 'MKT'),
(1046, 102, 'MKX'),
(1047, 102, 'MKZ'),
(1048, 102, 'Navigator'),
(1049, 102, 'Town Car'),
(1050, 103, '340R'),
(1051, 103, 'Eclat'),
(1052, 103, 'Elan'),
(1053, 103, 'Elise'),
(1054, 103, 'Elite'),
(1055, 103, 'Esprit'),
(1056, 103, 'Europa'),
(1057, 103, 'Europa S'),
(1058, 103, 'Evora'),
(1059, 103, 'Excel'),
(1060, 103, 'Exige'),
(1061, 104, 'TX'),
(1062, 105, 'Luxgen5'),
(1063, 105, 'Luxgen7 MPV'),
(1064, 105, 'Luxgen7 SUV'),
(1065, 105, 'U6 Turbo'),
(1066, 105, 'U7 Turbo'),
(1067, 106, 'Armada'),
(1068, 106, 'Bolero'),
(1069, 106, 'CJ-3'),
(1070, 106, 'CL'),
(1071, 106, 'Commander'),
(1072, 106, 'Marshal'),
(1073, 106, 'MM'),
(1074, 106, 'NC 640 DP'),
(1075, 106, 'Scorpio'),
(1076, 106, 'Verito'),
(1077, 106, 'Voyager'),
(1078, 106, 'Xylo'),
(1079, 107, 'GTS'),
(1080, 107, 'LM 400'),
(1081, 107, 'LM 500'),
(1082, 107, 'Mantis'),
(1083, 107, 'Marcasite'),
(1084, 108, '5EXi'),
(1085, 108, 'Sportster'),
(1086, 109, 'B1'),
(1087, 109, 'B2'),
(1088, 110, '1000'),
(1089, 110, '800'),
(1090, 110, 'Alto'),
(1091, 110, 'Baleno'),
(1092, 110, 'Esteem'),
(1093, 110, 'Gypsy'),
(1094, 110, 'Omni'),
(1095, 110, 'Versa'),
(1096, 110, 'Wagon R'),
(1097, 110, 'Zen'),
(1098, 111, '228'),
(1099, 111, '3200 GT'),
(1100, 111, '420'),
(1101, 111, '4200 GT'),
(1102, 111, 'Barchetta Stradale'),
(1103, 111, 'Biturbo'),
(1104, 111, 'Bora'),
(1105, 111, 'Chubasco'),
(1106, 111, 'Ghibli'),
(1107, 111, 'GranTurismo'),
(1108, 111, 'Indy'),
(1109, 111, 'Karif'),
(1110, 111, 'Khamsin'),
(1111, 111, 'Kyalami'),
(1112, 111, 'MC12'),
(1113, 111, 'Merak'),
(1114, 111, 'Mexico'),
(1115, 111, 'Quattroporte'),
(1116, 111, 'Royale'),
(1117, 111, 'Shamal'),
(1118, 112, '57'),
(1119, 112, '62'),
(1120, 113, '1000'),
(1121, 113, '121'),
(1122, 113, '1300'),
(1123, 113, '2'),
(1124, 113, '3'),
(1125, 113, '323'),
(1126, 113, '5'),
(1127, 113, '6'),
(1128, 113, '616'),
(1129, 113, '626'),
(1130, 113, '818'),
(1131, 113, '929'),
(1132, 113, 'Atenza'),
(1133, 113, 'Axela'),
(1134, 113, 'AZ-1'),
(1135, 113, 'AZ-Offroad'),
(1136, 113, 'AZ-Wagon'),
(1137, 113, 'B-series'),
(1138, 113, 'Biante'),
(1139, 113, 'Bongo Friendee'),
(1140, 113, 'Bongo'),
(1141, 113, 'BT-50'),
(1142, 113, 'Capella'),
(1143, 113, 'Carol'),
(1144, 113, 'Cronos'),
(1145, 113, 'CX-5'),
(1146, 113, 'CX-7'),
(1147, 113, 'CX-9'),
(1148, 113, 'Demio'),
(1149, 113, 'Efini MS-6'),
(1150, 113, 'Efini MS-8'),
(1151, 113, 'Efini MS-9'),
(1152, 113, 'Eunos 300'),
(1153, 113, 'Eunos 500'),
(1154, 113, 'Eunos 800'),
(1155, 113, 'Eunos Cosmo'),
(1156, 113, 'Familia'),
(1157, 113, 'Lantis'),
(1158, 113, 'Laputa'),
(1159, 113, 'Luce'),
(1160, 113, 'Millenia'),
(1161, 113, 'MPV'),
(1162, 113, 'MX-3'),
(1163, 113, 'MX-5'),
(1164, 113, 'MX-6'),
(1165, 113, 'Navajo'),
(1166, 113, 'Persona'),
(1167, 113, 'Premacy'),
(1168, 113, 'Proceed Levante'),
(1169, 113, 'Proceed Marvie'),
(1170, 113, 'Protege'),
(1171, 113, 'Revue'),
(1172, 113, 'Roadster'),
(1173, 113, 'RX-7'),
(1174, 113, 'RX-8'),
(1175, 113, 'Scrum'),
(1176, 113, 'Sentia'),
(1177, 113, 'Spiano'),
(1178, 113, 'Tribute'),
(1179, 113, 'Verisa'),
(1180, 114, 'F1'),
(1181, 114, 'MP4-12C'),
(1182, 114, 'P1'),
(1183, 115, 'Club'),
(1184, 115, 'Monte Carlo'),
(1185, 115, 'Track'),
(1186, 116, '190 (W201)'),
(1187, 116, 'A-klasse'),
(1188, 116, 'B-klasse'),
(1189, 116, 'C-klasse'),
(1190, 116, 'Citan'),
(1191, 116, 'CL-klasse'),
(1192, 116, 'CLA-klasse'),
(1193, 116, 'CLC-klasse'),
(1194, 116, 'CLK-klasse'),
(1195, 116, 'CLS-klasse'),
(1196, 116, 'E-klasse'),
(1197, 116, 'G-klasse'),
(1198, 116, 'GL-klasse'),
(1199, 116, 'GLA-klasse'),
(1200, 116, 'GLK-klasse'),
(1201, 116, 'M-klasse'),
(1202, 116, 'R-klasse'),
(1203, 116, 'S-klasse'),
(1204, 116, 'SL-klasse'),
(1205, 116, 'SLK-klasse'),
(1206, 116, 'SLR McLaren'),
(1207, 116, 'SLS AMG'),
(1208, 116, 'V-classe'),
(1209, 116, 'Vaneo'),
(1210, 116, 'Viano'),
(1211, 116, 'W114'),
(1212, 116, 'W115'),
(1213, 116, 'W123'),
(1214, 116, 'W124'),
(1215, 117, 'Capri'),
(1216, 117, 'Cougar'),
(1217, 117, 'Grand Marquis'),
(1218, 117, 'Marauder'),
(1219, 117, 'Mariner'),
(1220, 117, 'Marquis'),
(1221, 117, 'Milan'),
(1222, 117, 'Montego'),
(1223, 117, 'Monterey'),
(1224, 117, 'Mountaineer'),
(1225, 117, 'Mystique'),
(1226, 117, 'Sable'),
(1227, 117, 'Topaz'),
(1228, 117, 'Tracer'),
(1229, 117, 'Villager'),
(1230, 118, 'Metrocab I'),
(1231, 118, 'Metrocab II (TTT)'),
(1232, 119, '3'),
(1233, 119, '350'),
(1234, 119, '5'),
(1235, 119, '550'),
(1236, 119, '6'),
(1237, 119, 'F'),
(1238, 119, 'Maestro'),
(1239, 119, 'Metro'),
(1240, 119, 'MGB'),
(1241, 119, 'Midget'),
(1242, 119, 'Montego'),
(1243, 119, 'RV8'),
(1244, 119, 'TF'),
(1245, 119, 'Xpower SV'),
(1246, 119, 'ZR'),
(1247, 119, 'ZS'),
(1248, 119, 'ZT'),
(1249, 120, 'F8C'),
(1250, 120, 'M.Go'),
(1251, 120, 'M8'),
(1252, 120, 'MC'),
(1253, 120, 'Virgo'),
(1254, 121, 'TF 1800'),
(1255, 122, 'Cabrio'),
(1256, 122, 'Clubman'),
(1257, 122, 'Clubvan'),
(1258, 122, 'Countryman'),
(1259, 122, 'Coupe'),
(1260, 122, 'Hatch'),
(1261, 122, 'Paceman'),
(1262, 122, 'Roadster'),
(1263, 123, '3000 GT'),
(1264, 123, 'Airtrek'),
(1265, 123, 'Aspire'),
(1266, 123, 'ASX'),
(1267, 123, 'Carisma'),
(1268, 123, 'Celeste'),
(1269, 123, 'Challenger'),
(1270, 123, 'Chariot'),
(1271, 123, 'Colt'),
(1272, 123, 'Cordia'),
(1273, 123, 'Debonair'),
(1274, 123, 'Delica'),
(1275, 123, 'Diamante'),
(1276, 123, 'Dingo'),
(1277, 123, 'Dion'),
(1278, 123, 'Eclipse'),
(1279, 123, 'eK'),
(1280, 123, 'Emeraude'),
(1281, 123, 'Endeavor'),
(1282, 123, 'Eterna'),
(1283, 123, 'FTO'),
(1284, 123, 'Galant'),
(1285, 123, 'Grandis'),
(1286, 123, 'GTO'),
(1287, 123, 'i'),
(1288, 123, 'i-MiEV'),
(1289, 123, 'Jeep'),
(1290, 123, 'L200'),
(1291, 123, 'Lancer Cargo'),
(1292, 123, 'Lancer Evolution'),
(1293, 123, 'Lancer'),
(1294, 123, 'Legnum'),
(1295, 123, 'Libero'),
(1296, 123, 'Minica'),
(1297, 123, 'Mirage'),
(1298, 123, 'Montero'),
(1299, 123, 'Montero Sport'),
(1300, 123, 'Outlander'),
(1301, 123, 'Pajero'),
(1302, 123, 'Pajero iO'),
(1303, 123, 'Pajero Junior'),
(1304, 123, 'Pajero Mini'),
(1305, 123, 'Pajero Pinin'),
(1306, 123, 'Pajero Sport'),
(1307, 123, 'Pistachio'),
(1308, 123, 'Proudia'),
(1309, 123, 'Raider'),
(1310, 123, 'RVR'),
(1311, 123, 'Sapporo'),
(1312, 123, 'Sigma'),
(1313, 123, 'Space Gear'),
(1314, 123, 'Space Runner'),
(1315, 123, 'Space Star'),
(1316, 123, 'Space Wagon'),
(1317, 123, 'Starion'),
(1318, 123, 'Toppo'),
(1319, 123, 'Town Box'),
(1320, 123, 'Tredia'),
(1321, 124, 'Galue 204'),
(1322, 124, 'Galue'),
(1323, 124, 'Himiko'),
(1324, 124, 'Le-Seyde'),
(1325, 124, 'Like'),
(1326, 124, 'Micro Car K-2'),
(1327, 124, 'Micro Car MC-1'),
(1328, 124, 'Nouera'),
(1329, 124, 'Orochi'),
(1330, 124, 'Ray'),
(1331, 124, 'Ryoga'),
(1332, 124, 'Viewt'),
(1333, 124, 'Yuga'),
(1334, 124, 'Zero 1'),
(1335, 125, '3 Wheeler'),
(1336, 125, '4 Seater'),
(1337, 125, '4/4'),
(1338, 125, 'Aero 8'),
(1339, 125, 'Aero Coupe'),
(1340, 125, 'Aero SuperSports'),
(1341, 125, 'AeroMax'),
(1342, 125, 'Plus 4'),
(1343, 125, 'Plus 8'),
(1344, 125, 'Roadster'),
(1345, 126, 'Marina'),
(1346, 127, '100NX'),
(1347, 127, '180SX'),
(1348, 127, '200SX'),
(1349, 127, '240SX'),
(1350, 127, '280ZX'),
(1351, 127, '300ZX'),
(1352, 127, '350Z'),
(1353, 127, '370Z'),
(1354, 127, 'AD'),
(1355, 127, 'Almera Classic'),
(1356, 127, 'Almera'),
(1357, 127, 'Almera Tino'),
(1358, 127, 'Altima'),
(1359, 127, 'Armada'),
(1360, 127, 'Avenir'),
(1361, 127, 'Bassara'),
(1362, 127, 'BE-1'),
(1363, 127, 'Bluebird Sylphy'),
(1364, 127, 'Bluebird'),
(1365, 127, 'Cedric'),
(1366, 127, 'Cefiro'),
(1367, 127, 'Cherry'),
(1368, 127, 'Cima'),
(1369, 127, 'Clipper'),
(1370, 127, 'Crew'),
(1371, 127, 'Cube'),
(1372, 127, 'Datsun'),
(1373, 127, 'Dualis'),
(1374, 127, 'Elgrand'),
(1375, 127, 'Expert'),
(1376, 127, 'Fairlady Z'),
(1377, 127, 'Figaro'),
(1378, 127, 'Fuga'),
(1379, 127, 'Gloria'),
(1380, 127, 'GT-R'),
(1381, 127, 'Juke'),
(1382, 127, 'Lafesta'),
(1383, 127, 'Langley'),
(1384, 127, 'Largo'),
(1385, 127, 'Laurel'),
(1386, 127, 'Leaf'),
(1387, 127, 'Leopard'),
(1388, 127, 'Liberty'),
(1389, 127, 'Lucino'),
(1390, 127, 'March'),
(1391, 127, 'Maxima'),
(1392, 127, 'Micra'),
(1393, 127, 'Mistral'),
(1394, 127, 'Moco'),
(1395, 127, 'Murano'),
(1396, 127, 'Navara (Frontier)'),
(1397, 127, 'Note'),
(1398, 127, 'NP 300'),
(1399, 127, 'NV200'),
(1400, 127, 'NX Coupe'),
(1401, 127, 'Otti (Dayz)'),
(1402, 127, 'Pao'),
(1403, 127, 'Pathfinder'),
(1404, 127, 'Patrol'),
(1405, 127, 'Pino'),
(1406, 128, 'M12 GTO'),
(1407, 128, 'M600'),
(1408, 129, 'Achieva'),
(1409, 129, 'Alero'),
(1410, 129, 'Aurora'),
(1411, 129, 'Bravada'),
(1412, 129, 'Cutlass'),
(1413, 129, 'Cutlass Calais'),
(1414, 129, 'Cutlass Ciera'),
(1415, 129, 'Cutlass Supreme'),
(1416, 129, 'Eighty-Eight'),
(1417, 129, 'Intrigue'),
(1418, 129, 'Ninety-Eight'),
(1419, 129, 'Omega'),
(1420, 129, 'Silhouette'),
(1421, 130, 'Adam'),
(1422, 130, 'Admiral'),
(1423, 130, 'Agila'),
(1424, 130, 'Ampera'),
(1425, 130, 'Antara'),
(1426, 130, 'Ascona'),
(1427, 130, 'Astra'),
(1428, 130, 'Calibra'),
(1429, 130, 'Campo'),
(1430, 130, 'Cascada'),
(1431, 130, 'Combo'),
(1432, 130, 'Commodore'),
(1433, 130, 'Corsa'),
(1434, 130, 'Diplomat'),
(1435, 130, 'Frontera'),
(1436, 130, 'GT'),
(1437, 130, 'Insignia'),
(1438, 130, 'Kadett'),
(1439, 130, 'Manta'),
(1440, 130, 'Meriva'),
(1441, 130, 'Mokka'),
(1442, 130, 'Monterey'),
(1443, 130, 'Monza'),
(1444, 130, 'Omega'),
(1445, 130, 'Rekord'),
(1446, 130, 'Senator'),
(1447, 130, 'Signum'),
(1448, 130, 'Sintra'),
(1449, 130, 'Speedster'),
(1450, 130, 'Tigra'),
(1451, 130, 'Vectra'),
(1452, 130, 'Vita'),
(1453, 130, 'Zafira'),
(1454, 131, '2500 GT'),
(1455, 132, 'Huayra'),
(1456, 132, 'Zonda'),
(1457, 133, 'Esperante'),
(1458, 133, 'Roadster'),
(1459, 134, 'Alza'),
(1460, 134, 'Kancil'),
(1461, 134, 'Kelisa'),
(1462, 134, 'Kembara'),
(1463, 134, 'Kenari'),
(1464, 134, 'MyVi'),
(1465, 134, 'Nautica'),
(1466, 134, 'Viva'),
(1467, 135, '1007'),
(1468, 135, '104'),
(1469, 135, '106'),
(1470, 135, '107'),
(1471, 135, '2008'),
(1472, 135, '204'),
(1473, 135, '205'),
(1474, 135, '206'),
(1475, 135, '207'),
(1476, 135, '208'),
(1477, 135, '3008'),
(1478, 135, '301'),
(1479, 135, '304'),
(1480, 135, '305'),
(1481, 135, '306'),
(1482, 135, '307'),
(1483, 135, '308'),
(1484, 135, '309'),
(1485, 135, '4007'),
(1486, 135, '4008'),
(1487, 135, '405'),
(1488, 135, '406'),
(1489, 135, '407'),
(1490, 135, '408'),
(1491, 135, '5008'),
(1492, 135, '504'),
(1493, 135, '505'),
(1494, 135, '508'),
(1495, 135, '604'),
(1496, 135, '605'),
(1497, 135, '607'),
(1498, 135, '806'),
(1499, 135, '807'),
(1501, 135, 'Partner'),
(1502, 135, 'RCZ'),
(1503, 136, 'Porter'),
(1504, 137, 'Acclaim'),
(1505, 137, 'Breeze'),
(1506, 137, 'Caravelle'),
(1507, 137, 'Laser'),
(1508, 137, 'Neon'),
(1509, 137, 'Prowler'),
(1510, 137, 'Sundance'),
(1511, 137, 'Turismo'),
(1512, 137, 'Voyager'),
(1513, 138, '6000'),
(1514, 138, 'Aztec'),
(1515, 138, 'Bonneville'),
(1516, 138, 'Fiero'),
(1517, 138, 'Firebird'),
(1518, 138, 'G4'),
(1519, 138, 'G5'),
(1520, 138, 'G6'),
(1521, 138, 'G8'),
(1522, 138, 'Grand AM'),
(1523, 138, 'Grand Prix'),
(1524, 138, 'GTO'),
(1525, 138, 'LeMans'),
(1526, 138, 'Montana'),
(1527, 138, 'Parisienne'),
(1528, 138, 'Phoenix'),
(1529, 138, 'Solstice'),
(1530, 138, 'Sunbird'),
(1531, 138, 'Sunfire'),
(1532, 138, 'Tempest'),
(1533, 138, 'Torrent'),
(1534, 138, 'Trans Sport'),
(1535, 138, 'Vibe'),
(1536, 139, '911'),
(1537, 139, '914'),
(1538, 139, '918'),
(1539, 139, '924'),
(1540, 139, '928'),
(1541, 139, '944'),
(1542, 139, '959'),
(1543, 139, '968'),
(1544, 139, 'Boxster'),
(1545, 139, 'Carrera GT'),
(1546, 139, 'Cayenne'),
(1547, 139, 'Cayman'),
(1548, 139, 'Macan'),
(1549, 139, 'Panamera'),
(1550, 140, '118NE'),
(1551, 140, 'Padmini'),
(1552, 141, 'Exora'),
(1553, 141, 'Gen-2'),
(1554, 141, 'Inspira'),
(1555, 141, 'Juara'),
(1556, 141, 'Perdana'),
(1557, 141, 'Persona'),
(1558, 141, 'Preve'),
(1559, 141, 'Saga'),
(1560, 141, 'Satria'),
(1561, 141, 'Waja'),
(1562, 141, 'Wira (400 Series)'),
(1563, 142, 'G-modell'),
(1564, 142, 'Pinzgauer'),
(1565, 143, 'GTB'),
(1566, 143, 'GTE'),
(1567, 144, '3'),
(1568, 145, 'Mangusta'),
(1569, 146, 'Scimitar Sabre'),
(1570, 147, '11'),
(1571, 147, '12'),
(1572, 147, '14'),
(1573, 147, '15'),
(1574, 147, '16'),
(1575, 147, '17'),
(1576, 147, '18'),
(1577, 147, '19'),
(1578, 147, '20'),
(1579, 147, '21'),
(1580, 147, '25'),
(1581, 147, '30'),
(1582, 147, '4'),
(1583, 147, '5'),
(1584, 147, '6'),
(1585, 147, '9'),
(1586, 147, 'Avantime'),
(1587, 147, 'Captur'),
(1588, 147, 'Clio'),
(1589, 147, 'Duster'),
(1590, 147, 'Espace'),
(1591, 147, 'Estafette'),
(1592, 147, 'Fluence'),
(1593, 147, 'Fuego'),
(1594, 147, 'Kangoo'),
(1595, 147, 'Koleos'),
(1596, 147, 'Laguna'),
(1597, 147, 'Latitude'),
(1598, 147, 'Logan'),
(1599, 147, 'Megane'),
(1600, 147, 'Modus'),
(1601, 147, 'Rodeo'),
(1602, 147, 'Safrane'),
(1603, 147, 'Sandero'),
(1604, 147, 'Scenic'),
(1605, 147, 'Sport Spider'),
(1606, 147, 'Symbol'),
(1607, 147, 'Twingo'),
(1608, 147, 'Twizy'),
(1609, 147, 'Vel Satis'),
(1610, 147, 'Wind'),
(1611, 147, 'ZOE'),
(1612, 148, 'SM3'),
(1613, 148, 'SM5'),
(1614, 148, 'SM7'),
(1615, 149, 'Corniche'),
(1616, 149, 'Ghost'),
(1617, 149, 'Park Ward'),
(1618, 149, 'Phantom'),
(1619, 149, 'Silver Seraph'),
(1620, 149, 'Silver Spur'),
(1621, 149, 'Wraith'),
(1622, 150, 'Lightning'),
(1623, 151, '100'),
(1624, 151, '200'),
(1625, 151, '25'),
(1626, 151, '400'),
(1627, 151, '45'),
(1628, 151, '600'),
(1629, 151, '75'),
(1630, 151, '800'),
(1631, 151, 'Metro'),
(1632, 151, 'Mini'),
(1633, 151, 'P6'),
(1634, 151, 'SD1'),
(1635, 152, '9-2X'),
(1636, 152, '9-3'),
(1637, 152, '9-4X'),
(1638, 152, '9-5'),
(1639, 152, '9-7X'),
(1640, 152, '90'),
(1641, 152, '900'),
(1642, 152, '9000'),
(1643, 152, '95'),
(1644, 152, '96'),
(1645, 152, '99'),
(1646, 153, 'S7'),
(1647, 154, 'PS-10'),
(1648, 155, 'Astra'),
(1649, 155, 'Aura'),
(1650, 155, 'ION'),
(1651, 155, 'LS'),
(1652, 155, 'LW'),
(1653, 155, 'Outlook'),
(1654, 155, 'Relay'),
(1655, 155, 'SC'),
(1656, 155, 'Sky'),
(1657, 155, 'SL'),
(1658, 155, 'SW'),
(1659, 155, 'VUE'),
(1660, 156, 'FR-S'),
(1661, 156, 'iQ'),
(1662, 156, 'tC'),
(1663, 156, 'xA'),
(1664, 156, 'xB'),
(1665, 156, 'xD'),
(1666, 157, '133'),
(1667, 157, 'Alhambra'),
(1668, 157, 'Altea'),
(1669, 157, 'Arosa'),
(1670, 157, 'Cordoba'),
(1671, 157, 'Exeo'),
(1672, 157, 'Fura'),
(1673, 157, 'Ibiza'),
(1674, 157, 'Leon'),
(1675, 157, 'Malaga'),
(1676, 157, 'Marbella'),
(1677, 157, 'Ronda'),
(1678, 157, 'Toledo'),
(1679, 158, 'Noble'),
(1680, 158, 'Sceo'),
(1681, 159, '100 Series'),
(1682, 159, 'Citigo'),
(1683, 159, 'Fabia'),
(1684, 159, 'Favorit'),
(1685, 159, 'Felicia'),
(1686, 159, 'Octavia'),
(1687, 159, 'Rapid'),
(1688, 159, 'Roomster'),
(1689, 159, 'Superb'),
(1690, 159, 'Yeti'),
(1691, 160, 'Forfour'),
(1692, 160, 'Fortwo'),
(1693, 160, 'Roadster'),
(1694, 161, 'Lioncel'),
(1695, 162, 'R42'),
(1696, 163, 'C12'),
(1697, 163, 'C8'),
(1699, 165, 'Actyon'),
(1700, 165, 'Actyon Sports'),
(1701, 165, 'Chairman'),
(1702, 165, 'Kallista'),
(1703, 165, 'Korando Family'),
(1704, 165, 'Korando'),
(1705, 165, 'Kyron'),
(1706, 165, 'Musso'),
(1707, 165, 'Rexton'),
(1708, 165, 'Rodius'),
(1709, 165, 'Stavic'),
(1710, 166, 'Alcyone'),
(1711, 166, 'Baja'),
(1712, 166, 'BRZ'),
(1713, 166, 'Dex'),
(1714, 166, 'Domingo'),
(1715, 166, 'Exiga'),
(1716, 166, 'Forester'),
(1717, 166, 'Impreza'),
(1718, 166, 'Justy'),
(1719, 166, 'Legacy'),
(1720, 166, 'Leone'),
(1721, 166, 'Libero'),
(1722, 166, 'Lucra'),
(1723, 166, 'Outback'),
(1724, 166, 'Pleo'),
(1725, 166, 'R1'),
(1726, 166, 'R2'),
(1727, 166, 'Sambar'),
(1728, 166, 'Stella'),
(1729, 166, 'SVX'),
(1730, 166, 'Traviq'),
(1731, 166, 'Trezia'),
(1732, 166, 'Tribeca'),
(1733, 166, 'Vivio'),
(1734, 166, 'XT'),
(1735, 166, 'XV'),
(1736, 167, 'Aerio'),
(1737, 167, 'Alto'),
(1738, 167, 'Baleno'),
(1739, 167, 'Cappuccino'),
(1740, 167, 'Cervo'),
(1741, 167, 'Ertiga'),
(1742, 167, 'Escudo'),
(1743, 167, 'Every'),
(1744, 167, 'Forenza'),
(1745, 167, 'Grand Vitara'),
(1746, 167, 'Ignis'),
(1747, 167, 'Jimny'),
(1748, 167, 'Kei'),
(1749, 167, 'Kizashi'),
(1750, 167, 'Landy'),
(1751, 167, 'Liana'),
(1752, 167, 'MR Wagon'),
(1753, 167, 'Palette'),
(1754, 167, 'Reno'),
(1755, 167, 'Solio'),
(1756, 167, 'Spacia'),
(1757, 167, 'Splash'),
(1758, 167, 'Swift'),
(1759, 167, 'SX4'),
(1760, 167, 'Verona'),
(1761, 167, 'Wagon R'),
(1762, 167, 'Wagon R+'),
(1763, 167, 'X-90'),
(1764, 167, 'XL7'),
(1765, 168, '1510'),
(1766, 168, 'Avenger'),
(1767, 168, 'Horizon'),
(1768, 168, 'Samba'),
(1769, 168, 'Solara'),
(1770, 168, 'Tagora'),
(1771, 169, 'Aria'),
(1772, 169, 'Estate'),
(1773, 169, 'Indica'),
(1774, 169, 'Indigo'),
(1775, 169, 'Nano'),
(1776, 169, 'Safari'),
(1777, 169, 'Sierra'),
(1778, 169, 'Sumo'),
(1779, 170, 'T613'),
(1780, 170, 'T700'),
(1781, 171, 'Zero'),
(1782, 172, 'Model S'),
(1783, 172, 'Roadster'),
(1784, 173, 'Century'),
(1785, 174, 'Admiral'),
(1786, 175, 'Dogan'),
(1787, 175, 'Kartal'),
(1788, 175, 'Murat 131'),
(1789, 175, 'Sahin'),
(1790, 175, 'Serce'),
(1791, 176, '4runner'),
(1792, 176, 'Allex'),
(1793, 176, 'Allion'),
(1794, 176, 'Alphard'),
(1795, 176, 'Altezza'),
(1796, 176, 'Aristo'),
(1797, 176, 'Aurion'),
(1798, 176, 'Auris'),
(1799, 176, 'Avalon'),
(1800, 176, 'Avensis'),
(1801, 176, 'Avensis Verso'),
(1802, 176, 'Aygo'),
(1803, 176, 'bB'),
(1804, 176, 'Belta'),
(1805, 176, 'Blade'),
(1806, 176, 'Blizzard'),
(1807, 176, 'Brevis'),
(1808, 176, 'Caldina'),
(1809, 176, 'Cami'),
(1810, 176, 'Camry'),
(1811, 176, 'Carina ED'),
(1812, 176, 'Carina'),
(1813, 176, 'Cavalier'),
(1814, 176, 'Celica'),
(1815, 176, 'Celsior'),
(1816, 176, 'Century'),
(1817, 176, 'Chaser'),
(1818, 176, 'Corolla'),
(1819, 176, 'Corolla Rumion'),
(1820, 176, 'Corolla Verso (Spacio)'),
(1821, 176, 'Corona'),
(1822, 176, 'Corsa'),
(1823, 176, 'Cressida'),
(1824, 176, 'Cresta'),
(1825, 176, 'Crown Majesta'),
(1826, 176, 'Crown'),
(1827, 176, 'Curren'),
(1828, 176, 'Cynos'),
(1829, 176, 'Duet'),
(1830, 176, 'Echo'),
(1831, 176, 'Estima'),
(1832, 176, 'FJ Cruiser'),
(1833, 176, 'Fortuner'),
(1834, 176, 'FunCargo'),
(1835, 176, 'Gaia'),
(1836, 176, 'Granvia'),
(1837, 176, 'GT 86'),
(1838, 176, 'Harrier'),
(1839, 176, 'HiAce'),
(1840, 176, 'Highlander'),
(1841, 176, 'Hilux Surf'),
(1842, 176, 'Hilux'),
(1843, 176, 'Innova'),
(1844, 176, 'Ipsum'),
(1845, 176, 'iQ'),
(1846, 176, 'ISis'),
(1847, 176, 'Ist'),
(1848, 176, 'Kluger'),
(1849, 176, 'Land Cruiser'),
(1850, 176, 'Land Cruiser Prado'),
(1851, 177, '1.1'),
(1852, 177, 'P 601'),
(1853, 178, 'Tramontana'),
(1854, 179, 'TR7'),
(1855, 179, 'TR8'),
(1856, 180, '280'),
(1857, 180, '350'),
(1858, 180, '390'),
(1859, 180, '400'),
(1860, 180, '420'),
(1861, 180, '450'),
(1862, 180, 'Cerbera'),
(1863, 180, 'Chimaera'),
(1864, 180, 'Griffith'),
(1865, 180, 'S-Series'),
(1866, 180, 'Sagaris'),
(1867, 180, 'Tamora'),
(1868, 180, 'Tuscan'),
(1869, 181, 'Adam'),
(1870, 181, 'Agila'),
(1871, 181, 'Astra'),
(1872, 181, 'Calibra'),
(1873, 181, 'Carlton'),
(1874, 181, 'Cavalier'),
(1875, 181, 'Chevette'),
(1876, 181, 'Combo'),
(1877, 181, 'Corsa'),
(1878, 181, 'Frontera'),
(1879, 181, 'Monterey'),
(1880, 181, 'Nova'),
(1881, 181, 'Omega'),
(1882, 181, 'Royale'),
(1883, 181, 'Senator'),
(1884, 181, 'Sintra'),
(1885, 181, 'Tigra'),
(1886, 181, 'Vectra'),
(1887, 181, 'Ventora'),
(1888, 181, 'Viceroy'),
(1889, 181, 'Victor'),
(1890, 181, 'Viva'),
(1891, 181, 'VXR8'),
(1892, 181, 'Zafira'),
(1893, 182, 'M12'),
(1894, 182, 'W8 Twin Turbo'),
(1895, 183, '210'),
(1896, 183, '260 LM'),
(1897, 183, '300 Atlantique'),
(1898, 183, '400 GT'),
(1899, 184, '181'),
(1900, 184, 'Beetle'),
(1901, 184, 'Bora'),
(1902, 184, 'Caddy'),
(1903, 184, 'Corrado'),
(1904, 184, 'Derby'),
(1905, 184, 'Eos'),
(1906, 184, 'Fox'),
(1907, 184, 'Golf Country'),
(1908, 184, 'Golf'),
(1909, 184, 'Golf Plus'),
(1910, 184, 'Golf Sportsvan'),
(1911, 184, 'Iltis'),
(1912, 184, 'Jetta'),
(1913, 184, 'Kaefer'),
(1914, 184, 'Lupo'),
(1915, 184, 'Multivan'),
(1916, 184, 'Passat (North America)'),
(1917, 184, 'Passat'),
(1918, 184, 'Passat CC'),
(1919, 184, 'Phaeton'),
(1920, 184, 'Pointer'),
(1921, 184, 'Polo'),
(1922, 184, 'Routan'),
(1923, 184, 'Santana'),
(1924, 184, 'Scirocco'),
(1925, 184, 'Sharan'),
(1926, 184, 'Taro'),
(1927, 184, 'Tiguan'),
(1928, 184, 'Touareg'),
(1929, 184, 'Touran'),
(1930, 184, 'Type 4'),
(1931, 184, 'up!'),
(1932, 184, 'Vento'),
(1933, 184, 'XL1'),
(1934, 185, '140 Series'),
(1935, 185, '164'),
(1936, 185, '240 Series'),
(1937, 185, '260 Series'),
(1938, 185, '300 Series'),
(1939, 185, '440'),
(1940, 185, '460'),
(1941, 185, '480'),
(1942, 185, '66'),
(1943, 185, '740'),
(1944, 185, '760'),
(1945, 185, '780'),
(1946, 185, '850'),
(1947, 185, '940'),
(1948, 185, '960'),
(1949, 185, 'C30'),
(1950, 185, 'C70'),
(1951, 185, 'Laplander'),
(1952, 185, 'S40'),
(1953, 185, 'S60'),
(1954, 185, 'S70'),
(1955, 185, 'S80'),
(1956, 185, 'S90'),
(1957, 185, 'V40'),
(1958, 185, 'V50'),
(1959, 185, 'V60'),
(1960, 185, 'V70'),
(1961, 185, 'V90'),
(1962, 185, 'XC60'),
(1963, 185, 'XC70'),
(1964, 185, 'XC90'),
(1965, 186, 'Corda'),
(1966, 186, 'Estina'),
(1967, 186, 'Tingo'),
(1968, 187, '1.3'),
(1969, 187, '353'),
(1970, 188, 'SEi & Sport'),
(1971, 188, 'SEiGHT'),
(1972, 189, 'GT'),
(1973, 189, 'Roadster'),
(1974, 190, 'Pickup X3'),
(1975, 190, 'SR-V X3'),
(1976, 190, 'SUV X3'),
(1977, 191, '10'),
(1978, 191, 'Florida'),
(1979, 191, 'Skala'),
(1980, 191, 'Yugo'),
(1981, 192, 'Nomad (RX6400)'),
(1982, 193, 'Admiral'),
(1983, 193, 'GrandTiger'),
(1984, 193, 'Landmark'),
(1985, 211, 'Ё-Кроссовер (Опытный образец)'),
(1986, 212, '2160'),
(1987, 212, '2163'),
(1988, 212, '3101'),
(1989, 213, 'Ока-Астро 11301'),
(1990, 214, 'Рысь'),
(1991, 215, '1111 Ока'),
(1992, 215, '2101'),
(1993, 215, '2102'),
(1994, 215, '2103'),
(1995, 215, '2104'),
(1996, 215, '2105'),
(1997, 215, '2106'),
(1998, 215, '2107'),
(1999, 215, '2108'),
(2000, 215, '2109'),
(2001, 215, '21099'),
(2002, 215, '2110'),
(2003, 215, '2111'),
(2004, 215, '2112'),
(2005, 215, '2113'),
(2006, 215, '2114'),
(2007, 215, '2115'),
(2008, 215, '2120 Надежда'),
(2009, 215, '2121 (4x4)'),
(2010, 215, '2123'),
(2011, 215, '2129'),
(2012, 215, '2131 (4x4)'),
(2013, 215, '2328'),
(2014, 215, '2329'),
(2015, 215, 'Granta'),
(2016, 215, 'Kalina'),
(2017, 215, 'Largus'),
(2018, 215, 'Priora'),
(2019, 215, 'Revolution'),
(2020, 216, '13 «Чайка»'),
(2021, 216, '14 «Чайка»'),
(2022, 216, '21 «Волга»'),
(2023, 216, '22 «Волга»'),
(2024, 216, '2308 «Атаман»'),
(2025, 216, '2330 «Тигр»'),
(2026, 216, '24 «Волга»'),
(2027, 216, '3102 «Волга»'),
(2028, 216, '31029 «Волга»'),
(2029, 216, '3103 «Волга»'),
(2030, 216, '3105 «Волга»'),
(2031, 216, '3110 «Волга»'),
(2032, 216, '31105 «Волга»'),
(2033, 216, '3111 «Волга»'),
(2034, 216, '69'),
(2035, 216, 'Volga Siber'),
(2036, 216, 'М-20 «Победа»'),
(2037, 216, 'М1'),
(2038, 217, '1102 «Таврия»'),
(2039, 217, '1103 «Славута»'),
(2040, 217, '1105 «Дана»'),
(2041, 217, '965'),
(2042, 217, '966'),
(2043, 217, '968'),
(2044, 217, 'Chance'),
(2045, 217, 'Forza'),
(2046, 217, 'Sens'),
(2047, 217, 'Vida'),
(2048, 218, '114'),
(2049, 218, '117'),
(2050, 218, '4104'),
(2051, 219, '2125 «Комби»'),
(2052, 219, '2126 «Ода»'),
(2053, 219, '21261 «Фабула»'),
(2054, 219, '2717'),
(2055, 219, 'Москвич-412'),
(2056, 220, '1111 Ока'),
(2057, 221, '2317'),
(2058, 222, '1302 Волынь'),
(2059, 222, '967'),
(2060, 222, '969'),
(2061, 223, '2136'),
(2062, 223, '2137'),
(2063, 223, '2138'),
(2064, 223, '2140'),
(2065, 223, '2141'),
(2066, 223, '400'),
(2067, 223, '401'),
(2068, 223, '402'),
(2069, 223, '403'),
(2070, 223, '407'),
(2071, 223, '408'),
(2072, 223, '410'),
(2073, 223, '411'),
(2074, 223, '412'),
(2075, 223, '423'),
(2076, 223, '426'),
(2077, 223, '427'),
(2078, 223, 'Дуэт'),
(2079, 223, 'Иван Калита'),
(2080, 223, 'Князь Владимир'),
(2081, 223, 'Святогор'),
(2082, 223, 'Юрий Долгорукий'),
(2083, 224, 'С-3А'),
(2084, 224, 'С-3Д'),
(2085, 225, '1111 Ока'),
(2086, 226, 'Aquila'),
(2087, 226, 'C-30'),
(2088, 226, 'C10'),
(2089, 226, 'C190'),
(2090, 226, 'Road Partner'),
(2091, 226, 'Tager'),
(2092, 226, 'Vega'),
(2093, 227, '3151'),
(2094, 227, '3153'),
(2095, 227, '3159 Барс'),
(2096, 227, '3160'),
(2097, 227, '3162 Simbir'),
(2098, 227, '469'),
(2099, 227, 'Hunter'),
(2100, 227, 'Patriot'),
(2101, 227, 'Pickup'),
(2102, 35, 'Traverse'),
(2103, 35, 'Uplander'),
(2104, 35, 'Van'),
(2105, 35, 'Vectra'),
(2106, 35, 'Venture'),
(2107, 35, 'Viva'),
(2108, 35, 'Volt'),
(2109, 35, 'Zafira'),
(2110, 52, 'S30'),
(2111, 67, 'GC6'),
(2112, 80, 'Q70'),
(2113, 101, 'Celliya (530)'),
(2114, 113, 'Xedos 6'),
(2115, 113, 'Xedos 9'),
(2116, 127, 'Pixo'),
(2117, 127, 'Prairie'),
(2118, 127, 'Presage'),
(2119, 127, 'Presea'),
(2120, 127, 'President'),
(2121, 127, 'Primera'),
(2122, 127, 'Pulsar'),
(2123, 127, 'Qashqai'),
(2124, 127, 'Quest'),
(2125, 127, 'R''nessa'),
(2126, 127, 'Rasheen'),
(2127, 127, 'Rogue'),
(2128, 127, 'Roox'),
(2129, 127, 'Safari'),
(2130, 127, 'Sentra'),
(2131, 127, 'Serena'),
(2132, 127, 'Silvia'),
(2133, 127, 'Skyline Crossover'),
(2134, 127, 'Skyline'),
(2135, 127, 'Stagea'),
(2136, 127, 'Stanza'),
(2137, 127, 'Sunny'),
(2138, 127, 'Teana'),
(2139, 127, 'Terrano'),
(2140, 127, 'Terrano Regulus'),
(2141, 127, 'Tiida'),
(2142, 127, 'Tino'),
(2143, 127, 'Titan'),
(2144, 127, 'Vanette'),
(2145, 127, 'Versa'),
(2146, 127, 'Wingroad'),
(2147, 127, 'X-Terra'),
(2148, 127, 'X-Trail'),
(2149, 176, 'LiteAce'),
(2150, 176, 'Mark II'),
(2151, 176, 'Mark X'),
(2152, 176, 'Mark X ZiO'),
(2153, 176, 'MasterAce Surf'),
(2154, 176, 'Matrix'),
(2155, 176, 'Mega Cruiser'),
(2156, 176, 'MR2'),
(2157, 176, 'Nadia'),
(2158, 176, 'Noah'),
(2159, 176, 'Opa'),
(2160, 176, 'Origin'),
(2161, 176, 'Paseo'),
(2162, 176, 'Passo'),
(2163, 176, 'Passo Sette'),
(2164, 176, 'Picnic'),
(2165, 176, 'Platz'),
(2166, 176, 'Porte'),
(2167, 176, 'Premio'),
(2168, 176, 'Previa'),
(2169, 176, 'Prius c'),
(2170, 176, 'Prius'),
(2171, 176, 'Prius v'),
(2172, 176, 'Probox'),
(2173, 176, 'Progres'),
(2174, 176, 'Pronard'),
(2175, 176, 'Ractis'),
(2176, 176, 'Raum'),
(2177, 176, 'RAV 4'),
(2178, 176, 'Regius'),
(2179, 176, 'RegiusAce'),
(2180, 176, 'Rush'),
(2181, 176, 'Sai'),
(2182, 176, 'Scepter'),
(2183, 176, 'Sequoia'),
(2184, 176, 'Sera'),
(2185, 176, 'Sienna'),
(2186, 176, 'Sienta'),
(2187, 176, 'Soarer'),
(2188, 176, 'Soluna'),
(2189, 176, 'Sparky'),
(2190, 176, 'Sprinter Carib'),
(2191, 176, 'Sprinter Marino'),
(2192, 176, 'Sprinter Trueno'),
(2193, 176, 'Sprinter'),
(2194, 176, 'Starlet'),
(2195, 176, 'Succeed'),
(2196, 176, 'Supra'),
(2197, 176, 'Tacoma'),
(2198, 176, 'Tercel'),
(2199, 176, 'TownAce'),
(2200, 176, 'Tundra'),
(2201, 176, 'Urban Cruiser'),
(2202, 176, 'Vanguard'),
(2203, 176, 'Vellfire'),
(2204, 176, 'Venza'),
(2205, 176, 'Verossa'),
(2206, 176, 'Verso'),
(2207, 176, 'Verso-S'),
(2208, 176, 'Vios'),
(2209, 176, 'Vista'),
(2210, 176, 'Vitz'),
(2211, 176, 'Voltz'),
(2212, 176, 'Voxy'),
(2213, 176, 'WiLL Cypha'),
(2214, 176, 'WiLL'),
(2215, 176, 'Windom'),
(2216, 176, 'Wish'),
(2217, 176, 'Yaris'),
(2218, 176, 'Yaris Verso'),
(2219, 28, 'ELR'),
(2220, 35, 'Silverado'),
(2221, 37, 'Jumpy'),
(2222, 61, 'Scudo'),
(2223, 63, 'Bronco II'),
(2224, 76, 'Vezel'),
(2225, 116, 'Vito'),
(2226, 127, 'Primastar'),
(2227, 130, 'Vivaro'),
(2228, 135, '108'),
(2229, 135, 'Expert'),
(2230, 147, 'Trafic'),
(2231, 166, 'WRX'),
(2232, 167, 'Celerio'),
(2233, 184, 'Amarok'),
(2234, 184, 'California'),
(2235, 184, 'Caravelle'),
(2236, 184, 'Transporter'),
(2237, 26, 'F5'),
(2238, 47, 'Urvan'),
(2239, 63, 'Tourneo Custom'),
(2240, 79, 'Grace'),
(2241, 114, '650S'),
(2242, 123, 'Minicab'),
(2243, 127, 'Caravan'),
(2244, 127, 'NV350 Caravan'),
(2245, 127, 'Urvan'),
(2246, 135, 'Bipper'),
(2247, 32, 'CM-8'),
(2248, 34, 'M11 (A3)'),
(2249, 80, 'Q40'),
(2250, 98, 'X9'),
(2251, 167, 'Vitara'),
(2252, 25, 'Encore'),
(2253, 34, 'Bonus 3 (E3)'),
(2254, 34, 'Tiggo 5'),
(2255, 35, 'SS'),
(2256, 51, 'Lancer'),
(2257, 59, 'Besturn X80'),
(2258, 67, 'SC7'),
(2259, 95, 'Sesto Elemento'),
(2260, 99, 'NX'),
(2261, 280, 'GTR'),
(2262, 281, 'Мелкосерийная'),
(2263, 281, 'Реплика'),
(2264, 281, 'Самоделка'),
(2265, 2, 'TLX'),
(2266, 3, 'Disco Volante'),
(2267, 34, 'Arizo 7'),
(2268, 47, 'mi-DO'),
(2269, 89, 'Renegade'),
(2270, 101, 'Smily'),
(2271, 282, 'Boliger'),
(2272, 284, 'Tropica Roadster'),
(2273, 176, 'Corolla Axio'),
(2275, 176, 'Corolla Fielder'),
(2276, 176, 'Land Cruiser 200'),
(2277, 99, 'LX570'),
(2278, 99, 'LX470'),
(2279, 99, 'GX460'),
(2280, 99, 'GX470'),
(2281, 99, 'RX300'),
(2282, 99, 'RX350'),
(2283, 99, 'HS 250H'),
(2284, 99, 'LS 600HL'),
(2285, 99, 'RX 330'),
(2286, 99, 'RX 450H'),
(22274, 76, 'Fit Hybrid'),
(22275, 176, 'Prius Alpha');

-- --------------------------------------------------------

--
-- Структура таблицы `clients`
--

CREATE TABLE IF NOT EXISTS `clients` (
  `id` int(11) NOT NULL,
  `first_name` varchar(500) NOT NULL,
  `last_name` varchar(500) NOT NULL,
  `middle_name` varchar(500) NOT NULL,
  `birthday` varchar(255) NOT NULL,
  `passport_prefix` varchar(20) NOT NULL,
  `passport_number` varchar(20) NOT NULL,
  `passport_emitted` varchar(500) NOT NULL,
  `passport_date` varchar(255) NOT NULL,
  `address_residence` varchar(500) NOT NULL,
  `address_real` varchar(500) NOT NULL,
  `phone_home` varchar(255) NOT NULL,
  `phone_work` varchar(255) NOT NULL,
  `phone_mobile` varchar(255) NOT NULL,
  `license_prefix` varchar(20) NOT NULL,
  `license_number` varchar(20) NOT NULL,
  `license_emitted` varchar(500) NOT NULL,
  `license_date` varchar(255) NOT NULL,
  `blacked` int(1) NOT NULL DEFAULT '0',
  `rate` double NOT NULL DEFAULT '0',
  `owner` int(11) NOT NULL
) ENGINE=InnoDB AUTO_INCREMENT=269 DEFAULT CHARSET=utf8;

--
-- Дамп данных таблицы `clients`
--

INSERT INTO `clients` (`id`, `first_name`, `last_name`, `middle_name`, `birthday`, `passport_prefix`, `passport_number`, `passport_emitted`, `passport_date`, `address_residence`, `address_real`, `phone_home`, `phone_work`, `phone_mobile`, `license_prefix`, `license_number`, `license_emitted`, `license_date`, `blacked`, `rate`, `owner`) VALUES
(15, 'Василий', 'Пупкин', 'Васильевич', '18.05.1995', '5555', '564564', 'уфмс роыдапды', '18.05.2014', 'паыпаыпыавп', 'ыапыапыавпыа', 'ыапыавпыап', 'ывапывапывапыавп', 'ыапыавпыавп', '5465', '546454', 'прдаыподыа', '24.05.2011.', 0, 0, 4),
(16, 'Василий', 'Пупкин', 'Владимирович', '18.05.1990', '4545', '456464', 'УФМС по Приморскому краю', '10.06.1999', 'г. Владивосток, ул. Пушкина, 3', 'г. Владивосток, ул. Пушкина, 3', '4242423', '4242422', '4242424', '4565', '123456', 'ГАИ', '06.06.2006.', 0, 5, 5),
(17, 'Иван', 'Иванов', 'Иванович', '19.08.1995', '5454', '123456', 'УФМС по Приморскому краю', '25.05.2014', 'ул. Кораьельная,7', 'ул. Светланская, 6', '777777', '57946513', '79999999999', '1563', '154687', 'ГАИ', '24.05.2016.', 1, 4, 4),
(18, 'Алекс', 'Кимff', 'Борисович', '31.05.1990', '4545', '4561231', 'sdkjbgrkbndjb', '02.05.1996', 'паыпаыпыавп', 'ыпыапып', '7545', '45643', '1234564', '4545', '456456', 'ГАИ', '11.05.2006', 0, 0, 4),
(19, 'Максим', 'Зарубин', 'Анатольевич', '24.07.1989', '510', '753944', 'ОУФМС России по Приморскому краю в Ленинском районе гор.Владивостока', '07.07.2010', 'г. Владивосток ул. Тунгусская 63 кв.915', 'г. Владивосток ул. Тухачевского 44 кв.17', '2224333', '', '89149628198', '2527', '463027', 'ГИБДД 2501', '11.08.2016.', 0, 5, 6),
(20, 'Денис', 'Зюльганов', 'Валерьевич', '02.06.2017', '0506', '299238', 'УВД ленинского района гор.Владивостока', '24.01.2007', 'г. Владивосток ул. Тунгусская 65 кв. 91', 'г. Владивосток ул. Тунгусская 63 кв. 713', '', '', '89143330639', '2531', '211765', 'ГИБДД 2501', '01.06.2017.', 0, 5, 6),
(22, 'Александр', 'Василаков', 'Сергеевич', '08.07.1986', '0506', '287693', 'ХАСАНСКИМ РАЙОННЫМ ОТДЕЛОМ ВНУТРЕННИХ ДЕЛ ПРИМОРСКОГО КРАЯ', '31.01.2007', 'п. Славянка ул. Лазо дом 16 кв. 6', '', '', '', '89149772277', '2521', '613109', 'ГИБДД 2502', '28.11.2014.', 0, 5, 6),
(23, 'АННА', 'КОНОНОВА', 'ВИКТОРОВНА', '12.06.1979', '0503', '490578', 'ЛЕНИНСКИМ РУВД ГОР. ВЛАДИВОСТОК', '20.06.2017', 'г. Владивосток ул. Шепеткова дом 31 корп. 1 кв. 16', '', '', '', '89841464983', '2511', '243764', 'ГИБДД 2501 ', '19.07.2012.', 0, 0, 6),
(24, 'АЛЕКСЕЙ', 'СМИРНОВ', 'ВИКТОРОВИЧ', '26.06.1997', '0510', '851641', 'ОУФМС РОССИИ ПО ПРИМОРСКОМУ КРАЮ В КАВАЛЕРОВСКОМ МУНИЦИПАЛЬНОМ РАЙОНЕ', '28.06.2011', 'ПГТ. ГОРНОРЕЧЕНСКИЙ Р-Н. КАВАЛЕРОВСКИЙ УЛ. ПАРКОВАЯ ДОМ 8 КВ. 2', '', '', '', '89996147269', '2528', '912510', 'ГИБДД 2501 ', '15.12.2016.', 0, 0, 6),
(25, 'АРКАДИЙ', 'ГАМКОВ', 'АНДРЕЕВИЧ', '01.04.1997', '0517', '458213', 'ОТДЕЛЕНИЕМ УФМС РОССИИ ПО ПРИМОРСКОМУ КРАЮ ВО ФРУНЗЕНСКОМ Р-НЕ Г. ВЛАДИВОСТОКА', '27.04.2017', 'ПРИМОРСКИЙ КРАЙ Г. ВЛАДИВОСТОК УЛ. АВРАМЕНКО ДОМ 17 КВ. 5', '', '', '', '89143252123', '2523', '919492', 'ГИБДД 2501 ', '20.08.2015.', 0, 0, 6),
(26, 'СЕРГЕЙ', 'ГАПОН', 'НИКОЛАЕВИЧ', '18.12.1984', '6714', '405460', 'ОТДЕЛОМ УФМС РОССИИ ПО ХАНТЫ-МАНСИЙСКОМУ АВТОНОМ. ОКР.-ЮГРЕ В СУРГУТСКОМ РАЙОНЕ', '09.08.2014', 'ХАНТЫ-МАНСИЙСКИЙ АВТОНОМНЫЙ ОКРУГ-ЮГРА СУРГУТСКИЙ РАЙОН ПГТ. БЕЛЫЙ ЯР УЛ. ЕСЕНИНА ДОМ 16 КВ. 9', '', '', '', '89227987809', '8631', '009816', 'ГИБДД 8632', '06.04.2017.', 0, 0, 6),
(27, 'АНАСТАСИЯ', 'ЮШИНА', 'ВЯЧЕСЛАВОВНА', '27.05.1994', '0514', '174700', 'ОТДЕЛОМ УФМС РОССИИ ПО ПРИМОРСКОМУ КРАЮ В ПЕРВОМАЙСКОМ Р-НЕ ГОР. ВЛАДИВОСТОКА', '02.06.2014', 'ПРИМОРСКИЙ КРАЙ ГОР. ВЛАДИВОСТОК УЛ. КАЛИНИНА ДОМ 257 КВ. 4', '', '', '', '89140715434', '2517', '761487', 'ГИБДД 2501  ', '01.07.2014.', 0, 0, 6),
(28, 'Марина', 'Морозова', 'Сергеевна', '26.08.1996', '0510', '775884', 'ОУФМС РОССИИ ПО ПРИМОРСКОМУ КРАЮ В ПЕРВОМАЙСКОМ РАЙОНЕ ГОР. ВЛАДИВОСТОКА', '23.09.2010', 'ПРИМОРСКИЙ КРАЙ ГОР. ВЛАДИВОСТОК УЛ. ПОЛЯРНАЯ Д.1 КОРП.5 КВ.44', 'ПРИМОРСКИЙ КРАЙ ГОР. ВЛАДИВОСТОК УЛ. ПОЛЯРНАЯ Д.1 КОРП.5 КВ.44', '', '', '89140726922', '2527', '450969', 'ГИБДД 2501', '14.07.2016.', 0, 5, 6),
(29, 'Александр', 'Абрамов', 'Анатольевич', '09.03.1993', '0513', '059350', 'ОУФМС РОССИИ ПО ПРИМОРСКОМУ КРАЮ В ЛЕНИНСКОМ РАЙОНЕ ГОР. ВЛАДИВОСТОКА', '08.04.2013', 'Г. ВЛАДИВОСТОК УЛ. ВОЛОДАРСКОГО Д.10', 'Г. ВЛАДИВОСТОК УЛ. ВОЛОДАРСКОГО Д.10', '', '', '89510105498', '2506', '222033', 'ГИБДД 2501', '10.05.2012.', 0, 5, 8),
(30, 'Ильдар', 'Муртазин', 'Ревкатович', '30.11.1988', '0508', '570814', 'ОУФМС РОССИИ ПО ПРИМОРСКОМУ КРАЮ В ПЕРВОМАЙСКОМ РАЙОНЕ ГОР. ВЛАДИВОСТОКА', '22.12.2008', 'ПРИМОРСКИЙ КРАЙ Г. ВЛАДИВОСТОК УЛ. САХАЛИНСКАЯ Д.50 КВ.29', '', '', '', '89990400184', '2525', '057960', 'ГИБДД 2501', '12.01.2016.', 0, 0, 6),
(31, 'Юрий', 'Мормуль ', 'Андреевич', '11.11.1962', '0517', '464620', 'отделом УФМС россии по приморскому краю в советском районе г. Владивостока ', '16.05.2017', 'пр-кт 100-летия Владивостока 112, кв 5. ', 'Харьковская 10, кв155. ', '', '', '89089735473', '2500', '966591', 'ГИБДД МВД УВД', '25.06.2017.', 0, 5, 11),
(32, 'Иван', 'Ванаков', 'Сергеевич', '29.11.1991', '0511', '860138', 'ОУФМС РОССИИ ПО ПРИМОРСКОМУ КРАЮ В ДАЛЬНЕГОРСКОМ ГОРОДСКОМ ОКРУГЕ', '01.02.2012', 'ПРИМОРСКИЙ КРАЙ ГОР. ДАЛЬНЕГОРСК УЛ. 8 МАРТА Д. 2 КВ. 27', '', '', '', '99644448877', '2520', '192710', 'ГИБДД 2501', '24.10.2014.', 0, 0, 6),
(33, 'Иван ', 'Азаров', 'Юрьевич', '24.06.1986', '0505', '249086', 'Фрунзенским РУВД гор.Владивостока', '09.09.2006', 'Хабаровская 8 кв 54', 'Хабаровская 8 кв 54', '', '', '89241200707', '2510', '032502', 'ГИБДД МВД УВД', '19.06.2008.', 0, 5, 11),
(34, 'Виктор', 'Суханов', 'Андреевич', '28.03.1973', '0503', '354264', 'Ленинским РУВД гор. Владивостока', '03.02.2003', 'г. Владивосток, ул. Шоссейная 1-я, дом 49', 'г. Владивосток, ул. Шоссейная 1-я, дом 49', '', '', '8-924-730-58-57', '2517', '750621', 'ГИБДД 2501', '17.04.2014.', 0, 3, 5),
(35, 'Дмитрий', 'Полятычко', 'Владимирович', '13.08.1990', '0511', '862134', 'ТП№1 УФМС РОССИИ ПО ПРИМОРСКОМУ КРАЮ В ЛАЗОВСКОМ МУНИЦИПАЛЬНОМ РАЙОНЕ', '12.10.2011', 'Приморский край, Лазовский р-н, ПГТ Преображение, ул. 30 лет победы, дом 7, кв 48', 'Приморский край, Лазовский р-н, ПГТ Преображение, ул. 30 лет победы, дом 7, кв 48', '', '', '8-924-266-91-50', '2521', '993633', 'ГИБДД 2501', '23.06.2015.', 0, 5, 5),
(36, 'Евгений', 'Золотухин', 'Александрович', '29.09.1980', '0503', '616150', 'СПАССКИМ ГОВД ПРИМОРСКОГО КРАЯ', '30.06.2003', 'ПРИМОРСКИЙ КРАЙ ГОР. СПАССК-ДАЛЬНИЙ УЛ. БОРИСОВА Д. 2А КВ. 2', '', '', '', '89084618149', '25УМ', '486112', 'ГИБДД МВД УВД СПАССКОГО ГОВД', '05.10.2010.', 0, 0, 6),
(37, 'Роман', 'Самсонов', 'Владимирович', '01.11.1980', '0503', '717362', 'советским РУВД гор.Владивостока', '09.06.2004', 'г.Владивосток ул.Шевченко 72-1', 'г.Владивосток ул.Шевченко 72-1', '89149614559', '89149614559', '89149614559', '2225', '055787', 'ГИБДД 2501', '12.12.2015.', 0, 5, 9),
(38, 'Иван', 'Рада', 'Владимирович', '04.12.1975', '0509', '639910', 'УФМС РОССИИ ПО ПРИМОРСКОМУ КРАЮ В Г. ДАЛЬНЕГОРСК', '27.08.2009', 'ПРИМОРСКИЙ КРАЙ ГОР. ДАЛЬНЕГОРСК УЛ. НЕКРАСОВСКАЯ Д.34 КВ.4', '', '', '', '2925665', '25ОС', '415443', 'ГИБДД МВД УВД МОГТО и РАС №4 ГИБДД УВД', '12.09.2009.', 0, 0, 6),
(39, 'Эдуард', 'Малышев', 'Викторович', '10.10.1971', '4616', '366201', 'ТП №6 ОУФМС РОССИИ ПО МОСКОВСКОЙ ОБЛ. ПО ГОРОДСКОМУ ОКРУГУ БАЛАХИША', '22.10.2016', 'ОБЛ. Московская, гор. Балашиха, МКР Авиаторов, ул. Колдунова улица, дом 10, кв. 404', 'гостиница Уссурийск', '', '', '8-926-963-83-99', '5011', '520588', 'ГИБДД 5001', '07.03.2013.', 0, 5, 5),
(40, 'Наталья', 'Петрик', 'Александровна', '23.10.1976', '3002', '176187', 'Первым паспортным отделением ПВС УВД гор. Петропавловска-Камчатского', '14.09.2002', 'г. Новосибирск , ул. Гоголя, дом 44, кв 27', 'Крыгина 86В кв. 186', '', '', '8-983-003-68-43', '4184', '063576', '0109 ГИБДД', '16.10.2007.', 0, 5, 5),
(41, 'Павел', 'Калина', 'Васильевич', '18.05.1987', '1007', '034900', 'МО УФМС РОССИИ ПО АМУРСКОЙ ОБЛАСТИ В ГОРОДЕ БЛАГОВЕЩЕНСКЕ', '29.05.2007', 'г. Благовещенск, ул. Игнатьевское шоссе, дом 9, кв. 23', 'гостиница &quot;Аванта&quot;', '', '', '8-914-550-06-98', '2815', '407079', 'ГИБДД 2853', '10.05.2014.', 0, 0, 5),
(42, 'Агавни', 'Хачатрян', 'Вардановна', '08.06.1994', '0514', '208377', 'ОТДЕЛОМ УФМС РОССИИ ПО ПРИМОРСКОМУ КРАЮ В  СОВЕТСКОМ РАЙОНЕ ГОР. ВЛАДИВОСТОКА', '28.10.2014', 'ПРИМОРСКИЙ КРАЙ Г. ВЛАДИВОСТОК УЛ. КИРОВА Д.62 КВ.412', '', '', '', '89662808893', '25tu', '446620', 'ГИБДД 2501', '22.06.2016.', 0, 0, 6),
(43, 'Максим', 'Слепой ', 'Александрович ', '21.07.1985', '4508', '535730', ' ПВО ОВД ГОЛОВИНСКОГО РАЙОНА ГОРОДА МОСКВЫ', '26.04.2006', 'Московская обл, п. Некрасовский, ул. Школьная, дом 1, кв. 36', 'гостиница Владивосток', '', '', ' 8-926-680-33-23', '5028', '275553', 'ГИБДД 5017', '15.07.2016.', 0, 5, 5),
(44, 'Андрей', 'Лугин', 'Александрович', '13.11.1995', '0815', '318341', 'Отделением УФМС РОССИИ по Хабаровскому краю в Ванинском р-не', '24.11.2015', 'Хабаровский край, р-н Ванинский, РП Ванино, ул Линия 4-я, дом 1 кв 14', 'Ул. Луговая 66, кв 713', '', '', '8-999-616-60-33', '2722', '339225', 'ГИБДД 2704', '30.03.2016.', 0, 5, 5),
(45, 'Александр', 'Ушаков', 'Александрович', '21.05.1968', '0513', '066634', 'отделом уфмс россии по приморскому краю в первомайском р-не гор.Владивостока', '19.06.2013', 'г.Владивосток ул. Ладыгина 9/1 кв.126', 'г.Владивосток ул. Ладыгина 9/1 кв.126', '', '', '89146900000', '2820', '077164', 'гибдд2501', '20.12.2014.', 0, 0, 8),
(46, 'Егор', 'Зайнуллин', 'Рафаилович', '10.01.1987', '0506', '309460', 'УВД СОВЕТСКОГО РАЙОНА ГОР. ВЛАДИВОСТОКА', '09.02.2007', 'г. Владивосток, ул. Кирова 31, кв 25', 'г. Владивосток, ул. Кирова 31, кв 25', '', '', '89147319691', '2500', '976034', 'ГИБДД МВД-УВД', '07.05.2008.', 0, 5, 5),
(47, 'Александр', 'Севастьянов ', 'Витальевич', '04.05.1986', '0505', '235546', 'ПЕРВОРЕЧЕНСКИМ РУВД ГОР. ВЛАДИВОСТОКА', '23.06.2006', 'г.Владивосток, ул. Карбышева 24, кв. 72', 'г.Владивосток, ул. Карбышева 24, кв. 72', '', '', '8-902-484-03-34', '2517', '757459', 'ГИБДД 2501', '20.06.2014.', 0, 5, 5),
(48, 'Никита', 'Никтович', 'Никитин', '09.10.2017', '5555', '123456', 'ИРО', '14.10.2017', 'Адрес', 'Адрес2', '+78888888888', '', '+79999999999', 'АЯ76', '487878', 'МРООО', '10.10.2017.', 0, 0, 11),
(49, 'Анатолий', 'Гатаулин', 'Константинович', '10.07.1992', '0511', '966241', 'МЕЖРАЙОННОЕ ОТДЕЛЕНИЕ УФМС РОССИИ ПО ПРИМОРСКОМУ КРАЮ ПО Г. АРСЕНЬЕВ И АНУЧИНСКОМ Р-НЕ', '27.07.2012', 'г. Арсеньев, ул. Октябрьская 55/3, кв 21', '', '', '', '8-963-839-81-70', '2528', '911698', 'ГИБДД 2504', '16.03.2017.', 1, 1, 5),
(50, 'Александр', 'Затолочный', 'Васильевич', '10.04.1982', '7600', '592285', 'ОВД ИНГОДИНСКОГО РАЙОНА Г. ЧИТЫ', '17.06.2002', 'г. Новосибирск, ул. Фрунзе 10', '', '', '', '89117655633', '78ТС', '054283', 'ГИБДД 0237', '06.02.2010.', 0, 5, 5),
(51, 'Александр', 'Луцик', 'Александрович', '05.09.1989', '0509', '683909', 'ОТДЕЛЕНИЕМ УФМС РОССИИ ПО ПРИМОРСКОМУ КРАЮ В ЧУГУЕВСКОМ МУНИЦИПАЛЬНОМ РАЙОНЕ', '30.10.2009', 'С. Чугуевка, ул 50 лет октября д. 330, кв 2', '', '', '', '89143399993', '2527', '458902', 'ГИБДД 2506', '04.11.2016.', 0, 5, 5),
(52, 'Екатерина', 'Данилейко', 'Сергеевна', '11.04.1989', '0509', '702225', 'ОУФМС РОССИИ ПО ПРИМОРСКОМУ КРАЮ В ЛЕНИНСКОМ РАЙОНЕ ГОР. вЛАДИВОСТОКА', '18.12.2009', 'г. Владивосток, ул. Борисенко 104, комн. 506', 'г. Владивосток, ул. Анны Щетининой 27, кв. 176', '', '', '8-909-824-04-07', '2523', '917861', 'ГИБДД 2501', '05.08.2015.', 0, 5, 5),
(53, 'Юлия', 'Ведерникова', 'Юрьевна', '27.07.1985', '0508', '497717', 'ОТДЕЛОМ УФМС РОССИИ ПО ПРИМОРСКОМУ КРАЮ В ЛЕНИНСКОМ РАЙОНЕ ГОР. ВЛАДИВОСТОКА', '05.08.2008', 'г. Владивосток, ул. Некрасовская 70, кв 134', 'г. Владивосток, ул. Некрасовская 70, кв 134', '', '', '8-914-671-01-70', '2515', '538914', 'ГИБДД 2501', '20.12.2013.', 0, 0, 5),
(54, 'Александр', 'Хан', 'Юрьевич', '30.01.1975', '0507', '406976', 'МЕЖРАЙОННЫМ ОТДЕЛЕНИЕМ УФМС РОССИИ ПО ПРИМОРСКОМУ КРАЮ В ГОР. СПАССК-ДАЛЬНИЙ И СПАССКОМ Р-НЕ', '07.12.2007', 'г. Спасск-Дальний, ул. Ипподромная, дом 80, кв 2', 'г. Владивосток, Океанский пр-т 112, кв 72', '', '', '8-924-269-78-01', '2511', '247157', 'ГИБДД 2505', '11.09.2012.', 0, 5, 5),
(55, 'Алексей', 'Лукьяненко', 'Эдуардович', '27.06.1995', '0515', '348583', 'МРО №1 УФМС РОССИИ ПО ПРИМОРСКОМУ КРАЮ В ГОРОДСКОМ ОКРУГЕ БОЛЬШОЙ КАМЕНЬ', '06.05.2016', 'г. Большой Камень, ул. Приморского комсомола 43, кв 1', 'г. Большой Камень, ул. Приморского комсомола 43, кв 1', '', '', '8-914-345-11-48', '2513', '514147', 'ГИБДД 2543', '29.06.2013.', 0, 5, 5),
(56, 'Наталья', 'Фролова', 'Юрьевна', '18.08.1971', '0517', '516164', 'ОТДЕЛОМ УФМС РОССИИ ПО ПРИМОРСКОМУ КРАЮ В ПЕРВОМАЙСКОМ Р-НЕ ГОР. ВЛАДИВОСТОКА', '28.09.2017', 'г. Владивосток, ул Сафонова, дом 14, кв 107', 'г. Владивосток, ул. 5ая Морская 21, кв 10', '', '', '8-914-717-59-64', '2531', '241257', 'ГИБДД 2501', '27.09.2017.', 0, 5, 5),
(57, 'Диана', 'Белая', 'Дмитриевна', '10.10.1995', '0515', '343624', 'ОТДЕЛОМ УФМС РОССИИ ПО ПРИМОРСКОМУ КРАЮ В ПЕРВОМАЙСКОМ Р-НЕ ГОР. ВЛАДИВОСТОКА', '16.02.2016', 'г. Владивосток, ул. Баляева, дом 8, кв. 1', 'г. Владивосток, ул. Надибаидзе, дом 30, кв. 213', '', '', '8-964-436-19-12', '2523', '918405', 'ГИБДД 2501', '11.08.2015.', 0, 5, 5),
(58, 'Юрий', 'Маркеев', 'Юрьевич', '03.12.1996', '3210', '931825', 'ОТДЕЛОМ УФМС РОССИИ ПО КЕМЕРОВСКОЙ ОБЛАСТИ В ГОРОДЕ КИСЕЛЕВСКЕ', '22.12.2010', 'г. Киселевск, ул. 1 мая, дом 23, кв. 34', 'г. Киселевск, ул. 1 мая, дом 23, кв. 34', '', '', '8-924-005-30-52', '2528', '897045', 'ГИБДД 2503', '07.10.2016.', 0, 5, 5),
(59, 'Дмитрий', 'Саяпин', 'Викторович', '15.06.1971', '1016', '487406', 'МО УФМС РОССИИ ПО АМУРСКОЙ ОБЛ. В Г. БЛАГОВЕЩЕНСКЕ', '08.07.2016', 'г. Благовещенск, ул. Ш. Игнатьевское, дом 14/2, кв. 41', 'г. Благовещенск, ул. Ш. Игнатьевское, дом 14/2, кв. 41', '', '', '8-914-590-20-88', '28УВ', '058251', 'ГИБДД МВД-УВД', '02.02.2010.', 0, 5, 5),
(60, 'Алексей', 'Филимоненко', 'вадимович', '25.01.1985', '0513', '014627', 'отделом уфмс россии по приморскому краю в первомайском р-не гор.Владивостока', '09.11.2012', 'ул.строительная 3-я д 18б, кв.11', '', '', '', '89673872503', '5021', '197752', 'гибдд2501', '28.02.2015.', 0, 5, 8),
(61, 'Наталья', 'Паклицкая', 'Петровна', '15.04.1996', '0516', '362469', 'отделом уфмс россии по приморскому краю в первомайском р-не гор. владивостока', '17.05.2016', 'Г. ВЛАДИВОСТОК УЛ. НАДИБАИДЗЕ Д.1 КВ 101', 'СОВПАДАЕТ', '', '89241220008', '89024882190', '2527', '467338', 'ГИБДД 2501', '06.09.2016.', 0, 5, 8),
(62, 'Анна', 'Якуб', 'Александровна', '05.01.1986', '0504', '168926', 'ПЕРВОМАЙСКИМ РУВД ГОР. ВЛАДИВОСТОКА', '07.02.2006', 'г. Владивосток, ул. Борисенко 16, кв. 102', 'г. Владивосток, ул. Борисенко 16, кв. 102', '', '', '8-951-005-86-85', '25ОМ', '057194', 'ГИБДД МВД-УВД', '01.11.2008.', 0, 5, 5),
(63, 'Денис', 'Марченко', 'Олегович', '23.06.1991', '0511', '884671', 'МРЭО УФМС РОССИИ по ПК по гор.округу Сасск-Дальний', '21.09.20011', 'суворовская 13, кв.1', '', '', '', '89841898252', '0506', '853829', 'гибдд мвд-увдспасского говд', '06.11.2009.', 0, 5, 8),
(64, 'Андрей', 'Ильин', 'Вадимович', '18.09.1974', '0501', '446265', '4 отделением милиции увд города находка приморского края', '19.07.2001', 'ПРИМОРСКИЙ КРАЙ СТ. ПРЖЕВАЛЬСКАЯ УЛ. ЧЕРЁМУХОВАЯ Д.1 ', 'ГОР. ВЛАДИВОСТОК УЛ. НЕКРАСОВСКАЯ Д. 98 КВ.120', '', '89147961678', '89143336985', '25УВ', '009731', 'ГИБДД МВД-УВД ХОРОЛЬСКОГО РОВД', '16.01.2010.', 0, 5, 8),
(65, 'Антон', 'Андрицов', 'Васильевич', '20.01.1990', '9810', '262519', 'ОТДЕЛОМ УФМС РОССИИ ПО РЕСПУБЛИКЕ САХА (ЯКУТИЯ) В ГОРОДЕ ЯКУТСКЕ', '26.03.2010', 'г. Якутск, ул. Дзержинского, дом64, кв. 3', 'г. Владивосток, ул. Шепеткова 16, кв. 42', '', '', '8-914-673-67-03', '1406', '130518', 'ГИБДД 1401', '02.12.2011.', 0, 5, 5),
(66, 'Андрей', 'Кан', 'Львович', '25.09.1978', '0503', '990610', 'УПРАВЛЕНИЕМ ВНУТРЕННИХ ДЕЛ ГОРОДА АРТЕМА ПРИМОРСКОГО КРАЯ', '14.10.2004', 'г. Партизанск, ул. 50 лет ВЛКСМ, дом 47, кв 11', '2ая круговая 14, кв 68', '', '', '8-914-322-01-71', '2527', '455531', 'ГИБДД 2501', '23.07.2016.', 0, 5, 5),
(67, 'ПОЛИНА', 'ПРОЖИВИНА', 'РОМАНОВНА', '16.11.1998', '0513', '041491', 'МЕЖРАЕННОЕ ОТДЕЛЕНИЕ УФМС РОССИИ ПО ПРИМОРСКОМУ КРАЮ ПО Г. АРСЕНЬЕВ И АНУЧИНСКОМ Р-НЕ', '15.01.13', 'Г. АРСЕНЬЕВ УЛ.ОКТЯБРЬСКАЯ Д. 55/1 КВ 43', 'ГОР. ВЛАДИВОСТОК УЛ. ФАДЕЕВА Д. 16 КВ 17', '', '', '89940215372', '2527', '459739', 'ГИБДД 2504', '17.11.2016.', 0, 5, 8),
(68, 'Никифор', 'Студенков', 'Иванович', '20.01.1983', '0503', '364898', 'РАЗДОЛЬНЕНСКИМ ОТДЕЛЕНИЕМ МИЛИЦИИ НАДЕЖДИНСКОГО ОВД ПРИМОРСКОГО КРАЯ', '09.03.2003', 'г. Москва, ул. Авиаторов 5, кв 65', 'г. Владивосток, ул. Героев Варяга, дом 10, кв 106', '', '8-925-476-33-97', '8-926-357-17-10', '6207', '996112', 'ГИБДД 6207', '19.09.2012.', 0, 4, 5),
(69, 'Сергей', 'Кривойкин', 'Станиславович', '23.06.1961', '4508', '481755', 'ОВД ТРОПАРЕВО-НИКУЛИНО Г. МОСКВЫ', '01.07.2006', 'г. Москва, ул. Проспект Вернадского 93, корп. 1, кв. 225', 'г. Владивосток, отель Приморье', '', '', '8-962-962-10-97', '7733', '254305', 'ГИБДД 7723', '31.08.2017.', 0, 5, 5),
(70, 'КРИСТИНА', 'ШЕВЧУК', 'ИГОРЕВНА', '11.08.1995', '0515', '307210', 'ОТДЕЛОМ УФМС РОССИИ ПО ПРИМОРСКОМУ КРАЮ В КАВАЛЕРОВСКОМ МУНИЦИПАЛЬНОМ РАЙОНЕ', '17.02.2016', 'ПРИМОРСКИЙ КРАЙ ПГТ. КАВАЛЕРОВО ПЕР. МОЛОДЕЖНЫЙ Д. 8', 'ГОР. ВЛАДИВОСТОК УЛ. КОСМОНАВТОВ Д.3 КВ. 9', '', '', '89841532005', '2513', '514994', 'ГИБДД 2507', '15.08.2013.', 0, 5, 8),
(71, 'Андрей', 'Белов', 'Андреевич', '29.03.1978', '0500', '146441', 'ЛЕНИНСКИМ РУВД ГОР. ВЛАДИВОСТОКА', '10.08.2000', 'г. Владивосток, ул. 10ая рабочая, дом 58', 'г. Владивосток, ул. 10ая рабочая, дом 58', '', '', '8-924-125-19-26', '2511', '284816', 'ГИБДД 2501', '06.03.2013.', 0, 5, 5),
(72, 'Артём', 'Мсрян', 'Гагикович', '27.11.1986', '0507', '410047', 'ОУФМС РОССИИ ПО ПРИМОРСКОМУ КРАЮ В ЛЕНИНСКОМ РАЙОНЕ ГОР. ВЛАДИВОСТОК', '18.10.2007', 'г. Владивосток, ул. Адм. Фокина 22, кв 10', 'г. Владивосток, ул. Днепровская 22, кв. 5', '', '', '8-908-440-12-01', '25ОС', '413691', 'УВД г. Артем', '29.09.2009.', 0, 5, 5),
(73, 'Вадим', 'Рудаков', 'Михайлович', '10.06.1964', '4016', '708397', 'ТП №23 ОТДЕЛА УФМС РОССИИ ПО САНКТ-ПЕТЕРБУРГУ И ЛЕНИНГРАДСКОЙ ОБЛ. КАЛИНИНСКОМ Р-НЕ Г. САНКТ-ПЕТЕРБУРГА', '17.03.2017', 'г. Санкт-Петербург, ул. Гжатская, дом 22, корп. 2, кв. 356', 'г. Владивосток, ул. Овчинникова 12, кв. 47', '', '', '8-908-440-25-73', '2500', '965677', 'ГИБДД МВД-УВД', '10.07.2007.', 0, 5, 5),
(74, 'ДМИТРИЙ', 'ГРАЧЕВ', 'ВИКТОРОВИЧ', '13.02.1978', '9603', '447219', 'ОТДЕЛОМ ВНУТРЕННИХ ДЕЛ ОКТЯБРЬСКОГО РАЙОНА ГОРОДА ГРОЗНОГО', '12.05.2003', 'Г. ЩЕЛКОВО ПР-КТ 60 ЛЕТ ОКТЯБРЯ ВОЕННЫЙ ГОРОДОК № 1', 'Г. УССУРИЙСК Г-ЦА &quot;УССУРИЙСК&quot;', '', '', '89777382171', '50ОТ', '959176', 'ГИБДД МВД-УВД КОРОЛЕВСКОГО УВД', '16.06.2009.', 0, 0, 8),
(75, 'Денис', 'Черный', 'Александрович', '18.05.1984', '0510', '758661', 'МРО УФМС РОССИИ ПО ПРИМОРСКОМУ КРАЮ В ШКОТОВСКОМ МУНИЦИПАЛЬНОМ Р-НЕ, ЗАТО ГОР. ФОКИНО И ЗАТО ГОР. БОЛЬШОЙ КАМЕНЬ', '14.10.2010', 'пос. Подъяпольский, ул. Жданова, дом 9, кв 1', 'пос. Подъяпольский, ул. Жданова, дом 9, кв 1', '', '', '8-953-210-16-11', '2525', '051102', 'ГИБДД 2514', '21.11.2015.', 0, 4, 5),
(76, 'Денис', 'Полежаев', 'Владимирович', '05.12.1985', '0804', '455903', 'УПРАВЛЕНИЕМ ВНУТРЕННИХ ДЕЛ ЖЕЛЕЗНОДОРОЖНОГО РАЙОНА Г. ХАБАРОВСКА', '13.07.2006', 'г. Оха, ул. Спортивная, дом 13', 'г. Владивосток, ул. Острякова 1', '', '', '892441833777', '6530', '398318', 'ГИБДД 6508', '08.04.2017.', 0, 5, 5),
(77, 'Елена', 'Квартникова', 'Петровна', '28.09.1996', '0516', '415285', 'ОТДЕЛОМ УФМС РОССИИ ПО ПРИМОРСКОМУ КРАЮ В ПЕРВОМАЙСКОМ Р-НЕ ГОР. ВЛАДИВОСТОКА', '13.10.2016', 'г. Владивосток, ул. Добровольского, дом 11, кв. 79', 'г. Владивосток, ул. Добровольского, дом 11, кв. 79', '', '', '8-908-962-05-90', '2523', '921044', 'ГИБДД 2501', '29.08.2015.', 0, 5, 5),
(78, 'Максим', 'Пархомчук', 'Петрович', '09.04.1981', '0503', '595646', 'ПЕРВОМАЙСКИМ РУВД ГОР. ВЛАДИВОСТОКА', '28.07.2003', 'г. Звенигород, ул. Садовая, кв-л Заречье, дом 1, кв 31', 'г. Владивосток, ул. Нейбута 33, кв. 39', '', '', '8-963-779-53-16', '25ОМ', '029968', 'ГИБДД МВД-УВД', '29.07.2008.', 0, 0, 5),
(79, 'Сергей', 'Праведников', 'Ярославович', '30.07.1969', '0514', '245208', 'ОТДЕЛОМ УФМС РОССИИ ПО ПРИМОРСКОМУ КРАЮ В ПЕРВОРЕЧЕНСКОМ РАЙОНЕ ГОР. ВЛАДИВОСТОКА', '27.01.2015', 'г. Владивосток, ул. Постышева, дом 29, кв. 44', 'г. Владивосток, ул. Постышева, дом 29, кв. 44', '', '', '8-966-286-41-45', '25ОН', '634915', 'ГИБДД МВД-УВД', '20.06.2009.', 0, 0, 5),
(80, 'ИГОРЬ', 'КОВТУНОВ', 'ГРИГОРЬЕВИЧ', '25.02.1954', '0501', '537448', 'ЛЕНИНСКИМ РУВД ГОР. ВЛАДИВОСТОКА', '23.10.2001', 'ГОР. ВЛАДИВОСТОК УЛ. ШИЛКИНСКАЯ Д. 21 КВ. 339', 'СОВПАДАЕТ', '', '', '89241315020', '2500', '965207', 'ГИБДД МВД-УВД ВЛАДИВОСТОКСКОГО УВД', '15.07.2009.', 0, 5, 8),
(81, 'Данил', 'Крехов', 'Петрович', '20.10.2017', '5609', '936890', 'ОУФМС РОССИИ ПО ПЕНЗЕНСКОЙ ОБЛАСТИ В ОКТЯБРЬСКОМ РАЙОНЕ ГОР. ПЕНЗЫ', '22.04.2010', 'г. Москва, ул. Бульвар М. Рокоссовского 3, кв. 4', 'г. Владивосток, гостиница Аванта', '', '', '8-963-109-39-20', '7705', '042313', 'ГИБДД 7719', '09.06.2011.', 0, 5, 5),
(82, 'Игорь', 'Иваненко', 'Валентинович', '26.11.1976', '0503', '096300', 'ЛЕНИНСКИМ РУВД ГОР. ВЛАДИВОСТОКА', '12.11.2002', 'г. Владивосток, ул. Толстого 30, кв. 306', 'г. Владивосток, ул. Толстого 30, кв. 306', '', '', '8-914-066-36-58', '25УМ', '360051', 'ГИБДД МВД-УВД', '20.05.2010.', 0, 5, 5),
(83, 'ЕВГЕНИЙ', 'ХАНДИЕВ', 'АЛИМЬЯНОВИЧ', '11.01.1978', '0503', '388344', 'ХАСАНСКИМ РАЙОННЫМ ОТДЕЛОМ ВНУТРЕННИХ ДЕЛПРИМОРСКОГО КРАЯ', '13.02.2003', 'ПРИМОРСКИЙ КРАЙ П. СЛАВЯНКА УЛ. ДРУЖБЫ Д. 24 КВ. 33', 'ГОР. ВЛАДИВОСТОК УЛ. ЧАСОВИТИНА Д. 12 КВ. 70', '', '', '89642383817', '2517', '750417', 'ГИБДД 2501', '16.05.2014.', 0, 5, 8),
(84, 'МИХАИЛ', 'ХАЙНАСОВ', 'ПЕТРОВИЧ', '18.05.1981', '3010', '447635', 'ОТДЕЛОМ ОФМС РОССИИ ПО КАМЧАТСКОМУ КРАЮ В ПЕТРОПАВЛОВСКЕ-КАМЧАТСКОМ', '07.07.10', 'ГОР. ПЕТРОПАВЛОВСК-КАМЧАТСКИЙ УЛ. ПОГРАНИЧНАЯ Д. 10 КВ. 34', 'ГОР. ВЛАДИВОСТОК Г-ЦА &quot;ЖЕМЧУЖИНА&quot;', '', '', '89247829806', '4107', '346386', 'ГИБДД 4101', '02.03.2013.', 0, 0, 8),
(85, 'АЛЕКСАНДР', 'ПАЦЮК', 'СЕРГЕЕВИЧ', '12.04.1986', '0505', '201826', 'ФРУНЗЕНСКИМ РУВД ГОР. ВЛАДИВОСТОКА', '06.05.2016', 'ГОР. ВЛАДИВОСТОК П. ТРУДОВОЕ УЛ. СТАХАНОВСКАЯ Д. 17', '', '', '', '89166267479', '7728', '036058', 'ГИБДД 7724', '29.05.2016.', 0, 5, 8),
(86, 'Юлия', 'Чапаева', 'Владимировна', '09.06.1982', '4503', '989159', 'ОВД &quot;НОВО-КОСИНО&quot; Г. Москва', '29.08.2002', 'Г. Москва, ул. Суздальская 10 кв.3', '', '', '', '89197624719', '7723', '281711', 'ГИБДД 7719', '19.05.2015.', 0, 0, 6),
(87, 'Юлия', 'Чапаева', 'Владимировна', '09.06.1982', '4503', '989159', 'ОВД &quot;НОВО-КОСИНО&quot; Г. Москва', '29.08.2002', 'Г. Москва, ул. Суздальская 10 кв.3', 'Г. Москва, ул. Суздальская 10 кв.3', '', '', '89197624719', '7723', '281711', 'ГИБДД 7719', '19.05.2015.', 0, 0, 6),
(88, 'Андрей', 'Мурасков', 'Викторович', '28.09.1967', '7612', '657057', 'ОТДЕЛОМ УФМС РОССИИ ПО ЗАБАЙКАЛЬСКОМУ КРАЮ В ЦЕНТРАЛЬНОМ РАЙОНЕ ГОРОДА ЧИТЫ', '06.12.2012', 'г. Чита, ул. Евгения Гаюсана, дом 21, кв. 44', 'г. Владивосток, ул. Толстого 23, кв 80', '', '', '8-914-189-75-88', '75ОН', '269641', 'ГИБДД МВД-УВД', '23.07.2009.', 0, 5, 5),
(89, 'Андрей', 'Кравцов', 'Владимирович', '06.08.1974', '4012', '611628', 'ТП №139 ОТДЕЛА УФМС РОССИИ ПО САНКТ-ПЕТЕРБУРГУ И ЛЕНИНГРАДСКОЙ ОБЛ. В ЦЕНТРАЛЬНОМ РАЙОНЕ ГОР. САНКТ-ПЕТЕРБУРГА', '29.09.2012', 'г. Санкт-Петербург, ул. Чкаловский проспект, дом 16, кв. 83', 'г. Санкт-Петербург, ул. Чкаловский проспект, дом 16, кв. 83', '', '', '8-921-964-07-35', '7825', '576321', 'ГИБДД 7896', '20.12.2015.', 0, 5, 5),
(90, 'Юрий', 'Ильченко', 'Анатольевич', '16.07.1975', '0503', '632317', 'Дальнереченским ГОВД Приморского края', '19.08.2003', 'Владивосток, Постышева д.5, кв.9', '', '', '', '89025575854', '5021', '197422', 'ГИБДД 2501', '24.02.2015.', 0, 0, 9),
(91, 'Юрий', 'Балицкий', 'Владимирович', '22.02.1988', '0509', '636942', 'УФМС РОССИИ ПО ПРИМОРСКОМУ КРАЮ В Ленинском районе гор.Владивосток', '16.07.2009', 'г. Владивосток ул. Нерчинская д.46 кв.19', '', '', '', '89160315799', '7707', '776683', 'ГИБДД 7722', '23.03.2013.', 0, 5, 6),
(92, 'Павел', 'Теплов', 'Алексеевич', '18.02.1992', '0512', '979688', 'ОУФМС РОССИИ ПО ПРИМОРСКОМУ КРАЮ В ЛЕНИНСКОМ РАЙОНЕ ГОР. ВЛАДИВОСТОКА', '29.05.2012', 'Г. ВЛАДИВОСТОК УЛ. НОВО-ИВАНОВСКАЯ Д.3 КВ.56', '', '', '', '89146965398', '2523', '920735', 'ГИБДД 2501', '27.08.2015.', 0, 5, 8),
(93, 'АЛЕКСАНДР', 'ШВЕЦ', 'АЛЕКСАНДРОВИЧ', '28.10.1981', '0505', '205145', 'ПЕРВОРЕЧЕНСКИМ РУВД ГОР. ВЛАДИВОСТОКА', '03.04.2006', 'ПРИМОРСКИЙ КРАЙ П. ЗАРУБИНО  УЛ. СТРОИТЕЛЬНАЯ Д. 24 КВ.69', 'ГОР. ВЛАДИВОСТОК УЛ. 100 ЛЕТ ВЛАДИВОСТОКУ Д 149 КВ. 16', '', '', '89244386392', '25УВ', '026359', 'ГИБДД УССУРИЙСК', '24.02.2010.', 0, 5, 8),
(94, 'ВЯЧЕСЛАВ', 'ЕВТУШЕНКО', 'ВИТАЛЬЕВИЧ', '15.06.1981', '3001', '093329', 'ОТДЕЛОМ ВНУТРЕННИХ ДЕЛ ГОРОДА ВИЛЮЧИНСКА КАМЧАТСКОЙ ОБЛАСТИ', '30.03.2002', 'КАМЧАТСКИЙ КРАЙ М-Н СЕВЕРНЫЙ Д. 13 КВ. 44', 'ГОР ВЛАДИВОСТОК УЛ. БЕЛЯЕВА 6 КВ. 78', '', '', '89841551022', '4128', '316179', 'ГИБДД 4102', '28.07.2016.', 0, 5, 8),
(95, 'Данил', 'Татауров', 'Олегович', '09.08.1996', '6517', '503453', 'ОТДЕЛЕНИЕМ УФМС РОССИИ ПО СВЕРДЛОВСКОЙ ОБЛАСТИ В Г. НОВОУРАЛЬСКЕ', '15.08.2017', 'г. Новоуральск, ул. Ольховая, дом 10', 'г. Новоуральск, ул. Ольховая, дом 10', '', '', '8-996-432-69-46', '6619', '583097', 'ГИБДД 6670', '25.10.2014.', 0, 5, 5),
(96, 'Имамеддин', 'Исмаилов', 'Гамза Оглы', '05.02.1977', '0504', '090055', '1 КОМ УВД ГОР. НАХОДКИ ПРИМОРСКОГО КРАЯ', '30.06.2005', 'г. Находка, ул. Перевальная 96', 'г. Владивосток, ул. Терешкова 26, кв. 26', '', '8-902-486-31-87', '8-914-674-80-09', '25УМ', '006403', 'МОГТО И РАС №3Г', '25.05.2010.', 0, 4, 5),
(97, 'Андрей', 'Войтешко', 'Андреевич', '05.12.1986', '0506', '283258', 'Востоксским ОМ Красноармейского РОВД Приморского края', '10.01.2017', 'п.Восток.ул.Металлургов д.2. кв.69', 'ул.Светланская, 183, 40', '', '', '89024848838', '2526', '285404', 'гибдд2501', '12.05.2016.', 0, 0, 8),
(98, 'ДАНИИЛ', 'ШАПОВАЛОВ', 'ВАДИМОВИЧ', '07.02.1992', '0515', '262469', 'ОТДЕЛОМ УФМС РОССИИ ПО ПРИМОРСКОМУ КРАЮ В АРТЕМОВСКОМ ГОРОДСКОМ ОКРУГЕ', '26.03.2015', 'ВРЕМЕННАЯ: ГОР. ВЛАДИВОСТОК УЛ. НЕКРАСОВСКАЯ Д. 76 КВ 3', 'ГОР. ВЛАДИВОСТОК УЛ. АДМИРАЛА КУЗНЕЦОВА Д. 92 КВ. 67', '', '', '89020787607', '2527', '450485', 'ГИБДД 2501', '07.07.2016.', 0, 5, 8),
(99, 'АЛЕКСАНДР', 'ХОХЛОВ', 'ВЛАДИМИРОВИЧ', '02.10.1966', '0513', '105598', 'ОТДЕЛЕНИЕМ УФМС РОССИИ ПО ПРИМОРСКОМУ КРАЮ В ПАРТИЗАНСКОМ ГОРОДСКОМ ОКРУГЕ', '10.12.2013', 'ПРИМОРСКИЙ КРАЙ С УГЛЕКАМЕНСК ГОР. ПАРТИЗАНСК УЛ. КАЛИНИНА Д.4 КВ. 6', 'ГОР ВЛАДИВОСТОК УЛ. КАРБЫШЕВА Д. 18 КВ. 44', '', '', '89140694345', '25УВ', '016824', 'МОГТО И РАС №3', '29.12.2009.', 0, 5, 8),
(100, 'Никита', ' Прасков', 'Андреевич', '13.04.1990', '0509', '722315', 'Отделением УФМС России по Приморскому Краю во Фрунзенском районе гор. Владивостока', '17.05.2010', 'Гор. Владивосток р-н. Фрунзенский ул.Союзная д 17.кв 32.', 'Гор. Владивосток р-н. Фрунзенский ул.Союзная д 17.кв 32.', '', '', '89644321260', '2500', '963126', 'ГИБДД МВД-УВД Владивосток', '30.06.2009.', 0, 5, 4),
(101, 'Дмитрий ', 'Сивак', 'Николаевич', '25.11.1986', '1007', '026556', 'Управлением внутренних дел города Благовещенска', '03.04.2007', 'Амурская область, г. Благовещенск, ул. Свободная, дом 32, кв. 23', 'Гостиница &quot;Славянская&quot; номер 406', '', '', '+79622830600', '2822', '087724', 'ГИБДД 2853', '06.08.2015.', 0, 0, 7),
(102, 'Нарине', 'Айвазян', 'Самвеловна', '31.08.1981', '0502', '889083', 'ЛЕНИНСКИМ РУВД ГОР. ВЛАДИВОСТОКА', '22.05.2002', 'г. Владивосток, ул. Анны Щетининой, дом 22, кв. 113', 'г. Владивосток, ул. Анны Щетининой, дом 22, кв. 113', '', '', '8-902-505-39-32', '25ОС', '838608', 'ГИБДД МВД-УВД', '26.09.2009.', 0, 0, 5),
(103, 'Дмитрий', 'Хухлин', 'Сергеевич', '08.10.1996', '6416', '918310', 'ОТДЕЛЕНИЕМ УФМС РОССИИ ПО САХАЛИНСКОЙ ОБЛАСТИ В ХОЛМСКОМ РАЙОНЕ', '14.10.2016', 'Сахалинская обл. г. Холмский, ул. Первомайская 2, кв 158', 'г. Владивосток, ул. Некрасовская 48, кв 220', '', '', '8-914-641-89-69', '6521', '857912', 'ГИБДД 6515', '27.02.2016.', 0, 0, 5),
(104, 'Михаил', 'Демышев', 'Андреевич', '12.02.1990', '0514', '161431', 'ОТДЕЛЕНИЕМ УФМС РОССИИ ПО ПРИМОРСКОМУ КРАЮ В ПАРТИЗАНСКОМ ГОРОДСКОМ ОКРУГЕ', '11.08.2014', 'г. Партизанск, ул. Октябрьская, дом 1', 'г. Владивосток, ул. Фокина 7, кв. 4', '', '', '8-914-336-77-73', '25ОМ', '486613', 'ГИБДД МВД-УВД', '20.01.2009.', 0, 0, 5),
(105, 'Денис', 'Алиев', 'Ахмедович', '26.06.1984', '0517', '454225', 'ОТДЕЛОМ УФМС РОССИИ ПО ПРИМОРСКОМУ КРАЮ В ПЕРВОРЕЧЕНСКОМ РАЙОНЕ ГОР. ВЛАДИВОСТОКА', '14.04.2017', 'г. Владивосток, ул. Русская 84, кв 10', 'г. Владивосток, ул. Красного Знамени, дом. 73, кв. 23', '', '', '8-914-705-09-99', '0609', '596081', 'ГИБДД 0603', '28.04.2015.', 0, 0, 5),
(106, 'Анна', 'Балкарова', 'Александровна', '01.12.1979', '0509', '621803', 'ОУФМС РОССИИ ПО ПРИМОРСКОМУ КРАЮ В ПЕРВОРЕЧЕНСКОМ РАЙОНЕ ГОР. ВЛАДИВОСТОКА', '12.05.2009', 'г. Владивосток, ул. Некрасовская, д. 96, корп. 5, кв. 58', 'г. Владивосток, ул. Некрасовская, д. 96, корп. 5, кв. 58', '', '', '8-914-703-99-75', '25ОС', '841296', 'ГИБДД МВД-УВД', '15.10.2009.', 0, 0, 5),
(107, 'Юлия', 'Горелова', 'Валерьевна', '04.03.1984', '0504', '140994', 'УВД ленинского района гор.Владивостока', '31.10.2005', 'г. Владивосток ул. Корякинская д. 29. кв.76', 'г. Владивосток ул. Корякинская д. 29. кв.76', '', '', '89147072525', '2511', '251399', 'ГИБДД 2501', '21.08.2012.', 0, 0, 6),
(108, 'Михаил', 'Александров', 'Александрович', '28.03.1987', '9807', '051134', 'ОТДЕЛОМ УФМС РОССИИ ПО РЕСПУБЛИКЕ САХА(Якутия) в гор. Якутске', '15.05.2007', 'САХА(Якутия) гор.Якутск ул. Мкр 202, д.14, корп.2, кв.5', 'гор. Владивосток, Сочинская 15, кв.199', '', '', '89142745745', '14ЕС', '259479', 'ГИБДД МВД УВД ОРЭР УГАИ МВД РС', '11.04.2008.', 0, 0, 6),
(109, 'Сергей', 'Федосеев', 'Борисович', '10.09.1967', '0512', '990929', 'ОТДЕЛЕНИЕМ УФМС РОССИИ ПО ПРИМОРСКОМУ КРАЮ В ХАСАНСКОМ РАЙОНЕ ТП №2', '28.09.2012', 'Камчатский край. гор. Петропавловск-Камчатский, ул.Максутова, д.12, кв.9', '', '', '', '89146504075', '2503', '339203', 'ГИБДД 2502', '11.05.2011.', 0, 0, 6),
(110, 'Денис', 'Мурзин', 'Александрович', '01.06.1988', '0508', '550334', 'ОФМС России по Приморскому Краю в Советском районе города Владивостока', '09.10.2008', 'г. Владивосток. Чапаева 4 кв. 53', 'г. Владивосток. Чапаева 4 кв. 53, Волкова 3.', '', '', '8 994 021 55 17', '2521', '985788', 'ГИБДД 25.01.', '19.05.2015.', 0, 0, 4),
(111, 'ОЛЕГ', 'МАСЛОВ', 'ВИКТОРОВИЧ', '15.04.1971', '0516', '362277', 'ОТДЕЛО УФМС РОССИИ ПО ПРИМОРСКОМУ КРАЮ В ПЕРВОМАЙСКОМ Р-НЕ ГОР. ВЛАДИВОСТОКА', '06.05.2016', 'ГОР. ВЛАДИВОСТОК УЛ. ХАРЬКОВСКАЯ Д. 3 КВ. 34', '', '', '', '89084491852', '2529', '940607', 'ГИБДД 2501', '24.03.2017.', 0, 5, 8),
(112, 'Опра', 'Евгения', 'Андреевна', '26.04.1989', '0513', '113329', 'Отделением УФМС России по Приморскому краю в Артёмовском городском округе', '03.11.2017', 'гор. Артём, ул. Ленина, дом 11/3, кв. 9', 'гор. Владивосток, пр-т. Красного знамени, дом 73, кв. 1', '', '', '+79623391107', '2013', '250622', 'ГИБДД 2511', '08.06.2012.', 0, 0, 7),
(113, 'ОЛЬГА', 'СКИРДА', 'ПЕТРОВНА', '19.01.1982', '0503', '285488', 'ПЕРВОМАЙСКИМ РУВД ГО. ВЛАДИВОСТОКА', '04.01.2003', 'ГОР. ВЛАДИВОСТОК УЛ. БОРИСЕНКО Д. 31 КВ. 14', 'ГОР. ВЛАДИВОСТОК УЛ АННЫ ЩЕТИНИНОЙ Д. 1 КВ 156', '89146745233', '', '89243382514', '2527', '449866', 'ГИБДД 2501', '08.07.2016.', 0, 5, 8),
(114, 'Роман', 'Андреев', 'Николаевич', '07.11.1982', '1803', '596648', 'Алексеевским РОВД Волгоградской области', '18.02.2003', 'гор. Москва, ул. Большая Очаковская, дом 12, корп. 3, кв. 11', '', '', '', '+79250781681', '7730', '259688', 'ГИБДД 7723', '05.11.2016.', 0, 0, 7),
(115, 'Анастасия', 'Думнова', 'Викторовна', '13.10.1982', '8112', '486835', 'ТП ОУФМС РОССИИ ПО РЕСПУБЛИКЕ БУРЯТИЯ В ЖЕЛЕЗНОДОРОЖНОМ Р-НЕ ГОР. УЛАН-УДЭ', '16.11.2012', 'Г. САНКТ-ПЕТЕРБУРГ УЛ. ЛОМОНОСОВА (ГОРЕЛОВО) ДОМ 149 СТР. 1', '', '', '', '89242690099', '0308', '494602', 'ГИБДД 0312', '28.11.2012.', 0, 5, 9),
(116, 'Василий', 'Грачёв', 'Владимирович', '06.09.1987', '0507', '409888', 'ОУФМС РОССИИ ПО ПРИМОРСКОМУ КРАЮ В ЛЕНИНСКОМ РАЙОНЕ ГОР. ВЛАДИВОСТОК', '11.10.2007', 'г. Благовещенск, Красноармейская, дом. 159, кв. 29', 'г. Владивосток, ул. Днепровская 38, кв. 45', '', '', '8-924-234-60-65', '2523', '922610', 'ГИБДД 2501', '16.09.2015.', 0, 5, 5),
(117, 'ЕЛЕНА', 'БЕЛОВА', 'ЕВГЕНЬЕВНА', '05.03.1993', '0513', '115799', 'ОТДЕЛОМ УФМС РОССИИ ПО ПРИМОРСКОМУ КРАЮ В ПЕРВОМАЙСКОМ Р-НЕ ГОР. ВЛАДИВОСТОКА', '31.10.2013', 'ГОР. ВЛАДИВОСТОК УЛ. КОММУНАРОВ Д. 32 КВ. 9', '', '', '', '89242651899', '2504', '534588', 'ГИБДД 2501', '01.09.2011.', 0, 5, 8),
(118, 'СЕРГЕЙ', 'ЧАЩЕВОЙ', 'НИКОЛАЕВИЧ', '04.06.1978', '0514', '234940', 'ОТДЕЛОМ УФМС РОССИИ ПО ПРИМОРСКОМУ КРАЮ В ПЕРВОРЕЧЕНСКОМ Р-НЕ ГОР. ВЛАДИВОСТОКА', '08.12.2014', 'ГОР. ВЛАДИВОСТОК УЛ. ВОСТРЕЦОВА Д. 4А КВ. 2', '', '', '', '89147995040', '2520', '196385', 'ГИБДД 2501', '01.11.2014.', 0, 5, 8),
(119, 'МАКСИМ', 'КУГУК', 'АЛЕКСАНДРОВИЧ', '13.05.1979', '0514', '193771', 'ОТДЕЛОМ УФМС РОССИИ ПО ПРИМОРСКОМУ КРАЮ В УССУРИЙСКОМ ГОРОДСКОМ ОКРУГЕ', '25.07.2014', 'ПРИМОРСКИЙ КРАЙ С. ГЛУХОВКА ГОР УССУРИЙСК УЛ. ОКТЯБРЬСКАЯ Д 74', 'ГОР. ВЛАДИВОСТОК УЛ. НЕЙБУТА Д. 81А КВ. 65', '', '', '89147073795', '2531', '238050', 'ГИБДД 2501', '30.08.2017.', 0, 5, 8),
(120, 'Алексей', 'Труфин', 'Георгиевич', '17.04.1981', '7302', '547490', 'УВД города Димитровграда', '21.06.2002', 'г.Протвино, ул.Победы, д. 2А, кв.48', '', '', '', '89257560023', '50 ОТ', '858248', 'ГИБДД МВД-УВД Моск. обл.', '17.06.2009.', 0, 5, 9),
(121, 'АЛЕКСЕЙ', 'ПАЛЬЧИНСКИЙ', 'СЕРГЕЕВИЧ', '24.10.1979', '0503', '975234', 'ПАРТИЗАНСКИМ РОВД ПРИМОРСКОГО КРАЯ', '27.10.2005', 'ПРИМОРСКИЙ КРАЙ С. НОВИЦКОЕ УЛ. МАТРОСОВА Д. 53 ', 'ГОР. НАХОДКА УЛ. МОЛОДЕЖНАЯ Д.12 КВ.22', '', '', '89140700335', '2525', '060352', 'ГИБДД 2503', '04.03.2016.', 0, 5, 8),
(122, 'Дмитрий', 'Сущенко', 'Евгеньевич', '17.05.1973', '0501', '306720', 'Дальнегорским ГОВД Приморского края', '19.03.2001', 'г.Дельнегорск, пр-кт 50 лет октября, д.3, кв.32', 'г.Владивостоу, Океанский пр-кт, д.110, кв.58', '', '', '89089920796', '2526', '280598', 'ГИБДД 2501', '29.04.2016.', 0, 5, 9),
(123, 'Сергей', 'Светов', 'Владимирович', '24.09.1982', '6402', '398750', 'Тимовским РОВД Сахалинской обл.', '19.08.2003', 'г. Южно-Сахалинск, ул. Чехова, дом 164, кв. 23', 'г. Артём, гостиница Монро', '', '', '8-984-139-28-80', '65УМ', '291979', 'ГИБДД МВД-УВД', '11.09.2010.', 0, 5, 5),
(124, 'Артем', 'Матвеев', 'Валерьевич', '25.05.1986', '6705', '606982', '1 городским отделом милиции увд г.Нижневартовка Ханты-Мансийского Автономного округа-Югры Тюменской Области', '02.06.2006', 'г.Анапа , ул. Ленина д 194.кв.251.', '', '', '', '8 (984) -154-30-03', '2332', '844458', 'гибдд 23101', '20.09.2017.', 0, 0, 8),
(125, 'ВЛАДИМИР', 'ТЕРЕШКИН', 'КАНОВИЧ', '29.12.1991', '9811', '392909', 'ТП УФМС РОССИИ ПО РЕСПУБЛИКЕ САХА (ЯКУТИЯ)', '14.04.2012', 'РЕСП. САХА (ЯКУТИЯ) С. УЛАХАН-АН УЛ. МОЛОДЕЖНАЯ Д.33', 'ГОР. ФОКИНО УЛ. УСАТОВА  Д. 13 КВ. 90', '', '', '89140839797', '14ОС', '753132', 'ГИБДД - УВД ХАНГАЛАССКОГО', '11.02.2010.', 0, 5, 8),
(126, 'АНТОН', 'КУМАНЁВ', 'ВИКТОРОВИЧ', '11.01.1985', '0504', '033252', 'ШКОТОВСКИМ ОТДЕЛЕНИЕМ МИЛИЦИИ ШКОТОВСКОГО РОВД ПРИМОРСКОГО КРАЯ', '03.05.2005', 'ПРИМОРСКИЙ КРАЙ ПГТ.ШКОТОВО УЛ. ЗАЛЬПЕ Д. 81', '', '', '', '89656791847', '2511', '242221', 'ГИБДД 2501', '06.07.2012.', 0, 5, 8),
(127, 'ВЕРОНИКА', 'ЯРОШЕНКО', 'ЮРЬЕВНА', '17.04.1969', '0514', '166461', 'ТП №1 ОУФМС РОССИИ ПО ПРИМОРСКОМУ КРАЮ В СОВЕТСКОМ РАЙОНЕ ГОР. ВЛАДИВОСТОКА', '25.04.2014', 'ГОР. ВЛАДИВОСТОК ПГТ. ТРУДОВОЕ УЛ. ПУТЯТИНСКАЯ Д. 33', '', '', '', '89240046700', '25ОН', '625741', 'ГИБДД МВД-УВД ВЛАДИВОСТОК', '10.04.2009.', 0, 0, 8),
(128, 'Олег', 'Степуренко', 'Вадимович', '27.04.1990', '3010', '445559', 'ОТДЕЛОМ УФМС РОССИИ ПО КАМЧАТСКОМУ КРАЮ В ГОР. ПЕТРОПАВЛОВСКЕ-КАМЧАТСКОМ', '09.06.2010', 'г. Петропавловск - Камчатский, ул. Звездная, 25/1, кв. 23', 'г. Петропавловск - Камчатский, ул. Звездная, 25/1, кв. 23', '', '', '8-962-216-33-33', '41ОК', '765239', 'ГИБДД МВД-УВД', '26.08.2008.', 0, 5, 5),
(129, 'Ильяс', 'Рисаев', 'Нурисламович', '09.09.1989', '0317', '727099', 'ОТДЕЛОМ УФМС РОССИИ ПО КРАСНОДАРСКОМУ КРАЮ В ЗАПАДНОМ ОКРУГЕ ГОР КРАСНОДАРА', '17.05.2017', 'г. Краснодар, ул. им 70 столетия октября 8, кв 224', 'г. Краснодар, ул. им 70 столетия октября 8, кв 224', '', '', '8-914-326-01-74', '23АУ', '639791', 'ГИБДД МВД-УВД', '13.12.2007.', 1, 1, 5),
(130, 'Максим', 'Корнилов', 'Михайлович', '10.01.1984', '5704', '322778', 'Орджоникидзувским РОВД гор.Пермь.', '15.04.2004', 'г.Пермь ул.Бушмакина,94,кв.158', '', '', '', '8 (965)-196-00-44', '5924', '507726', 'ГИБДД 5998', '17.11.2015.', 0, 0, 8),
(131, 'СЕРГЕЙ', 'АЛЕКСЕЕВ', 'ИВАНОВИЧ', '15.10.1963', '0510', '803247', 'ОТДЕЛО УФМС РОССИИ ПО ПРИМОРСКОМУ КРАЮ В ПЕРВОМАЙСКОМ Р-НЕ ГОР. ВЛАДИВОСТОКА', '03.11.2010', 'ГОР. ВЛАДИВОСТОК УЛ. САФОНОВА Д. 4 КВ. 41', '', '', '', '89146654408', '25УМ', '492026', 'МЭО ГИБДД УВД ПО ПК ОТДЕЛЕНИЕ №1', '04.11.2010.', 0, 0, 8),
(132, 'Алексей', 'Базеленко', 'Константинович', '29.05.1979', '0508', '564188', 'ТП№2 ОТДЕЛА УФМС РОССИИ ПО ПРИМОРСКОМУ КРАЮ В ГОР. НАХОДКА', '07.11.2008', 'г. Находка, ул. Береговая 14, кв 6', 'г. Находка, ул. Береговая 14, кв 6', '', '', '8-952-431-9141', '25УМ', '488108', 'ГИБДД МВД-УВД', '18.11.2010.', 0, 5, 5),
(133, 'ЕКАТЕРИНА', 'ЛЮБИЦКАЯ', 'РУСЛАНОВНА', '19.10.1974', '0514', '241819', 'ОТДЕЛОМ УФМС РОССИИ ПО ПК В ЛЕНИНСКОМ РАЙОНЕ г.ВЛ-КА.', '24.12.2014', 'ВЛАДИВОСТОК.УЛ.ШИЛКИНАСКАЯ, 16,41', '', '', '', '8 (902)-066-98-41', '2532', '259259', 'гибдд2501', '16.11.2017.', 0, 0, 8),
(134, 'ВЛАДИМИР', 'КОБЫЗСКОЙ', 'ИВАНОВИЧ', '12.10.1971', '0516', '419438', 'ОТДЕЛОМ УФМС РОССИИ ПО ПРИМОРСКОМУ КРАЮ В ЛЕНИНСКОМ РАЙОНЕ ГОР. ВЛАДИВОСТОКА', '09.11.2016', 'ГОР. ВЛАДИВОСТОК УЛ. АДМИРАЛА ЮМАШЕВА Д. 34 КВ. 29', '', '', '', '89084444968', '2511', '261152', 'ГИБДД 2501', '10.10.2012.', 0, 5, 8),
(135, 'КРИСТИНА ', 'НИКОЛАЕНКО', 'ВЛАДИМИРОВНА', '12.03.1991', '0510', '828314', 'МРО УФМС РОССИИ ПО ПК В Г.АРСЕНЬЕВЕ И АНУЧИНСКОМ Р-НЕ', '14.04.2011', 'г.АРСЕНЬЕВ, УЛ.ОКТЯБРЬСКАЯ, Д.84 КВ. 62', 'г.ВЛ-К.УЛ.БОРИСЕНКОД76 КВ.17.', '', '', '8(908)-996-07-11', '2525', '050534', 'гибдд2501', '17.11.2015.', 0, 0, 8),
(136, 'ДАРЬЯ', 'ФАДИНА', 'ВЛАДИМИРОВНА', '14.06.1982', '0802', '889669', '1 ОТДЕЛЕНИЕМ МИЛИЦИИ УВД ИНДУСТРИАЛЬНОГО Р-НА ГОР. ХАБАРОВСКА', '25.12.2002', 'ПРИМОРСКИЙ КРАЙ  ПОС. ВИТЯЗЬУЛ. КАМЫШОВАЯ Д. 7', '', '', '', '89089828832', '2504', '551776', 'ГИБДД 2502', '29.12.2011.', 0, 0, 8),
(137, 'ЕВГЕНИЙ', 'БУТЕНКО', 'АЛЕКСАНДРОВИЧ', '27.08.1982', '0503', '973290', 'МИХАЙЛОВСКИМ РОВД ПРИМОРСКОГО КРАЯ', '01.03.2005', 'ПРИМОРСКИЙ КРАЙ С . ИВАНОВКА УЛ. ПЕР. ЮЖНЫЙ Д. 5', 'ГОР. ВЛАДИВОСТОК УЛ. СЕЛЬСКАЯ Д. 8 КВ.240', '', '', '89147385790', '2506', '214188', 'ГИБДД 2502', '14.04.2012.', 0, 0, 8),
(138, 'Шамиль', 'Гаджиев', 'Джабраилович', '10.08.1985', '0513', '139564', 'О-НИЕМ УФМС РОССИИ ПО ПРИМОРСКОМУ КРАЮ В ЗАТО ГОР.ФОКИНО МРО УФМС РОССИИ ПО ПРИМОРСКОМУ КРАЮ В ШКОТОВСКОМ МР, ЗАТО ГОР. ФОКИНО И ЗАТО. ГОР. БОЛЬШОЙ КАМЕНЬ', '26.02.2014', 'г. Владивосток, ул. Адмирала Горшкова 20, кв 88', 'г. Владивосток, ул. Адмирала Горшкова 20, кв 88', '8-914-079-58-69', '', '8-914-079-73-57', '2518', '734077', 'ГИБДД 2501', '06.09.2014.', 0, 5, 5),
(139, 'Екатерина', 'Голубь', 'Владимировна', '16.04.1992', '0511', '964884', 'ОТДЕЛЕНИЕМ УФМС РОССИИ ПО ПРИМОРСКОМУ КРАЮ В НАДЕЖДИНСКОМ МУНИЦИПАЛЬНОМ РАЙОНЕ', '03.05.2012', 'пос. Тавричанка, ул. Осипенко, дом 18, кв. 15', 'г. Владивосток, ул. Некрасовская 52, кв. 809', '', '', '8-963-839-90-14', '2525', '404704', 'ГИБДД 2501', '24.10.2015.', 0, 5, 5),
(140, 'Антон', 'Матвиенко', 'Игоревич', '15.10.1993', '0513', '085441', 'ОТДЕЛЕНИЕМ УФМС РОССИИ ПО ПРИМОРСКОМУ КРАЮ В ОЛЬГИНСКОМ МУНИЦИПАЛЬНОМ РАЙОНЕ', '20.11.2013', 'ПГТ Ольга, ул. Пролетарская, дом 4', 'ПГТ Ольга, ул. Пролетарская, дом 4', '', '', '8-908-456-94-11', '2516', '435347', 'ГИБДД 2503', '24.04.2014.', 0, 5, 5),
(141, 'Михаил', 'Киндеев', 'Юрьевич', '08.12.1988', '0509', '616746', 'ОУФМС РОССИИ ПО ПРИМОРСКОМУ КРАЮ В ПЕРВОМАЙСКОМ РАЙОНЕ ГОР. ВЛАДИВОСТОКА', '12.05.2009', 'г. Владивосток, ул. Сафонова, д. 33, кв. 192', 'г. Владивосток, ул. Тигровая, д. 23а, кв. 8', '', '', '8-967-958-00-10', '25ОЕ', '980084', 'ГИБДД МВД-УВД', '31.05.2008.', 0, 5, 5),
(142, 'Виталий', 'Вегиев', 'Ширванович', '07.01.1968', '6412', '817854', 'ТП УФМС РОССИИ ПО САХАЛИНСКОЙ ОБЛАСТИ В ЮЖНО-КУРИЛЬСКОМ РАЙОНЕ', '20.03.2013', 'с. Малокурильское, ул.  Военный городок', 'г. Владивосток, ул. Надибаидзе, дом 11, кв. 351', '', '', '8-962-580-75-88', '6523', '352914', 'ГИБДД 6516', '15.09.2016.', 0, 4, 5),
(143, 'АЙКАЗ', 'МЕЛОЯН', 'ТОРГОМОВИЧ', '25.02.1992', '0511', '927252', 'МРО УФМС РОССИИ ПО ПРИМОРСКОМУ КРАЮ В ШКОТОВСКОМ МУНИЦИПАЛЬНОМ Р-НЕ, ЗАТО ГОР. ФОКИНО И ЗАТО ГОР. БОЛЬШОЙ КАМЕНЬ', '20.03.2012', 'ГОР. БОЛЬШОЙ КАМЕНЬ, УЛ. ЧАПАЕВА Д.13', '', '', '', '89510001311', '2504', '536204', 'ГИБДД 2543', '17.09.2011.', 0, 0, 8),
(144, 'АЛЕКСАНДР', 'ГУЛЯЕВ', 'ЮРЬЕВИЧ', '12.01.1982', '0503', '214829', 'ПЕРВОМАЙСКИМ РУВД ГО. ВЛАДИВОСТОКА', '07.12.2002', 'ГОР. ВЛАДИВОСТОК УЛ. БУРАЧКА  Д. 13 КВ. 65', '', '', '', '89089917377', '2523', '918262', 'ГИБДД 2501', '08.08.2015.', 0, 5, 8),
(145, 'ВИКТОР', 'ГОРОХОВ', 'ВАСИЛЬЕВИЧ', '17.12.1978', '1002', '510481', 'ОТДЕЛОМ ВНУТРЕННИХ ДЕЛ БУРЕЙСКОГО РАЙОНА АМУРСКОЙ ОБЛАСТИ', '31.12.2002', 'МОСКОВСКАЯ ОБЛАСТЬ, Д. МАНСУРОВО, УЛ. ФЛОТСКАЯ Д.44', 'ГОР. ВЛАДИВОСТОК УЛ. ВОСТРЕЦОВА  6В КВ. 107', '', '', '89031011005', '28ОВ', '653114', 'БУРЕЙСКИЙ ОГИБДД', '26.03.2008.', 0, 0, 8),
(146, 'Александр', 'Смирнов', 'Александрович', '08.06.1987', '0806', '657711', 'Отделом УФМС РОССИИ по Хабаровскому краю в центральном округе г.Комсомольска-на-Амуре', '16.10.2007', 'г.Комсомольск-на -Амуре ул. Аллея Труда д 54 корп.3. кв. 23', '', '', '', '8-914-774-03-16', '27 ОР', '851809', 'МРЭО г.Комсомольск', '14.10.2009.', 0, 0, 8),
(147, 'Леонид', 'Сучков', 'Юрьевич', '28.11.1977', '0500', '129266', 'Первомайским РУВД г.Владивостока', '21.08.2000', 'г.Владивосток, ул.Талалихина д 3 кв 39', '', '', '', '8-924-337-21-13', '25 ОМ', '480837', 'ГИБДД МВД УВД Владивосток', '26.11.2008.', 0, 0, 8),
(148, 'Дзянь', 'Ли', 'дзянь', '15.09.1986', '6915', '673973', 'отделом уфмс России по Томской области в Ленинском р-не г.. Томска', '08.09.2015', 'г.Томск ул. Строевая, д4, кв1 ', '', '', '', '8-913-776-66-66', '7027', '142409', 'ГИБДД Томская обл.', '09.08.2016.', 0, 0, 8),
(149, 'Максим', 'Шевченко', 'Михайлович', '26.06.1982', '0504', '005450', 'Первомайским РУВД г.Владивостока', '06.09.2004', 'г.Санкт-Петербург ул. Пулковская 8 корп 4 кв.697', 'г.Санкт-Петербург ул. Пулковская 8 корп 4 кв.697', '', '', '8-963-321-69-05', '25ХК', '001093', 'Гибдд 01 ', '22.09.2010.', 0, 0, 8),
(150, 'Полина', 'Проживина', 'Романовна', '16.11.1998', '0513', '041491', 'Межрайонное отделение УФМС России по приморскому краю по гАрсеньев и анучевском р-не ', '13.01.2013', 'приморский край  г Арсеньев', 'ул.Октябрьская д.55/1 кв.43', '', '', '89147653356', '2527', '459739', 'приморский край', '17.01.2016.', 0, 0, 8),
(151, 'Сергей ', 'Плотников', 'Александрович', '22.02.1982', '0804', '184657', 'Краснофлотский РОВД гор.Хабаровска', '23.12.2003', 'Тургенева д.34 кв.23', 'Тургенева д.34 кв.23', '', '', '89242020647', '2706', '156688', 'Хабаровский край', '31.01.2012.', 0, 0, 8),
(152, 'Фёдор', 'Соколов', 'Сергеевич', '26.11.2017', '4614', '501500', 'ТП4 Межрайонного ОУФМС России по Московской области в гордском поселении Раменское', '26.11.2017', 'московская область р-он раменское рп.Верхняя', 'светланская д.169 кв.6', '', '', '8-926-258-30-39  8-915-443-33-43', '5019', '408983', 'Московская область', '05.12.2014.', 0, 0, 8),
(153, 'Василий', 'Пивоваров', 'Аркадьевич', '14.04.1994', '0516', '361969', 'Отделом УФМС России по приморскому краю в первомайском р-не гор.Владивостока', '30.03.2016', 'Приморский край г.Владивосток ул.Сахалинская д.3/А кв.8', 'Приморский край г.Владивосток ул.Сахалинская д.3/А кв.8', '', '', '8-984-146-21-68', '2511', '272665', 'приморский край', '28.12.2012.', 0, 0, 8),
(154, 'Виталий', 'Свалов', 'Викторович', '14.04.1970', '0515', '314299', 'ОТДЕЛОМ УФМС РОССИИ ПО ПРИМОРСКОМУ КРАЮ В ПЕРВОМАЙСКОМ Р-НЕ ГОР. ВЛАДИВОСТОКА', '08.10.2015', 'ПРИМОРСКИЙ КРАЙ Г. ВЛАДИВОСТОК УЛ. БУРАЧКА 13/50', '', '', '', '89143371611', '2514', '442436', 'ГИБДД 2501', '17.10.2013.', 0, 0, 6),
(155, 'Константин', 'Рябцев', 'Александрович', '28.09.1980', '3002', '189170', '3-ИМ ПАСПОРТНЫМ ОТДЕЛЕНИЕМ ПВС УВД ГОР. ПЕТРОПАВЛОВСКА-КАМЧАТСКОГО', '27.11.2002', 'ПРИМОРСКИЙ КРАЙ Г. ВЛАДИВОСТОК УЛ. ТУНГУССКАЯ 44/218', '', '', '', '89644320535', '25OH ', '634162', 'ГИБДД МВД-УВД ВЛАДИВОСТОК', '16.06.2019.', 0, 0, 6),
(156, 'Павел', 'Бараницкий', 'Владиславович', '14.04.1988', '0508', '500139', 'ОТДЕЛЕНИЕМ УФМС РОССИИ ПО ПРИМОРСКОМУ КРАЮ ВО ФРУНЗЕНСКОМ Р-НЕ Г. ВЛАДИВОСТОКА', '14.05.2008', 'ОУФМС РОССИИ ПО ПРИМОРСКОМУ КРАЮ ВО ФРУНЗЕНСКОМ РАЙОНЕ Г. ВЛАДИВОСТОКА О. РУССКИЙ УЛ. ЭКИПАЖНАЯ 43/49', '', '', '', '89089675127', '2523', '912924', 'ГИБДД 2501', '31.07.2015.', 0, 0, 6),
(157, 'Миркомил', 'Эрназаров', 'Мирхамидович', '17.12.1979', '1516', '392467', 'Первореческим районом г.Владивостока', '02.08.2016', 'г.Владивосток ул.Баляева 34 кв 48', 'г.Владивосток ул.Баляева 34 кв 48', '', '', '8-902-052-00-07', '25 хк ', '001465', 'узбекистан', '21.10.1010.', 0, 0, 8),
(158, 'Кирилл', 'Платунов', 'Владимирович', '29.06.1973', '0501', '495810', 'Первореченским РОВД гор.Владивостока', '29.08.2001', 'г.Владивосток, ул.Иртышская, д 48 кв 40', '', '', '', '8-908-45-80-318', '25OX', '827634', 'ГИБДД № 1УВД по ПК', '10.12.2009.', 0, 0, 8),
(159, 'Илья', 'Акимов', 'Игоревич', '23.07.1996', '2517', '442905', 'ОТДЕЛОМ УФМС РОССИИ ПО ИРКУТСКОЙ ОБЛАСТИ В ГОР. УСТЬ-ИЛИМСКЕ И УСТЬ-ИЛИМСКОМ Р-НЕ', '19.10.2017', 'Иркутская область, РП Железнодорожный,ул. Набережная, дом 6', 'г. Владивосток, ул. Русская 83', '', '', '8-914-893-98-80', '3817', '901133', 'ГИБДД 3806', '25.07.2014.', 1, 1, 5),
(160, '1', '1', '1', '12.01.2018', '1111', '111111', '1', '12.01.2018', '1', '1', '1', '', '11111111111', '1', '111111', '1', '12.01.2018.', 0, 0, 4),
(161, 'Андрей', 'Николаевия', 'Савёлов', '21.04.1990', '1010', '859668', 'УФМС России по Амурской области в Тамбовском районе', '19.08.2010', 'Владивосток, 2-я поселковая 34, кв. 126', 'Владивосток, Вострецова 12, кв. 108', '', '', '89940092170', '2533', '635858', 'ГИББ Амурской области', '01.12.2015.', 0, 0, 4),
(162, 'Смирнов', 'Иван', 'Иваныч', '21.08.1986', '1512', '569548', 'УФМС России по Приморскому краю', '15.01.2001', 'Приморский край, гор. Владивосток, ул. Некрасовская 90, кв. 5', 'Приморский край, гор. Владивосток, ул. Крылова 7, кв. 89', '', '', '+79147895623', '4578', '569854', 'ГИБДД МВД-УВД Владивосток', '08.03.2006.', 0, 0, 4),
(163, 'Тест', 'Тестовников', 'Тестовович', '01.01.1981', '0000', '000000', 'УФМС РФ по Приморскому краю в г. Влдивостоке', '01.01.1991', 'г. Мурманск, ул. Батарейная, д. 4, кв. 4', 'г. Владивосток, ул. Алеутская, д. 45, кв. 5', '+71231231235', '+71231231236', '+71231231234', '0001', '000001', 'МОРАС ГИБДД по Приморскому краю', '01.01.2001.', 0, 4.75, 8),
(164, 'Сергей', 'Спицин', 'Сергеевич', '21.04.1990', '1515', '200400', 'ГИБДД Владивосток', '12.12.2010', 'Владивосток, Вострецова 8, кв 6', 'Владивосток, Вострецова 10, кв 10', '', '', '+79147009000', '4545', '458599', 'ГИБДД МВД-УВД Владивосток', '02.02.2001.', 0, 0, 4),
(165, 'Глеб', 'Вербитский', 'Александрович', '08.09.1986', '1010', '520260', 'УФМС России по Приморскому краю', '10.03.2004', 'Владивосток, Нейбута 45, кв. 17', 'Владивосток, 100-летия Владивостоку 78, кв. 26', '', '', '+79248520045', '1458', '789654', 'ГИБДД МВД-УВД Владивосток', '09.04.2000.', 0, 0, 4),
(166, 'Оксана', 'Генц', 'Викторовна', '31.12.1986', '0509', '617034', 'Отделением УФМС России по Приморскому краю в Надежденском муниципальном районе', '29.07.2009', 'Приморский край, пос.Новый, улю Ленина, д.3, кв. 39', 'Приморский край, пос.Новый, улю Ленина, д.3, кв. 39', '89243205052', '89243205052', '89243205052', '2518', '721777', 'ГИБДД 2501', '25.07.2014.', 0, 5, 9),
(167, 'Александр', 'Доронин', 'Игоревич', '13.05.1989', '0508', '595169', 'ТП №1 ОУФМС России по Приморскому краю в Черниговском муниципальном районе', '06.07.2009', 'Приморский край, с. 2 Монастырище, д. 442, кв. 43', 'г.Владивосток, пр-кт 100лет Владивостоку, д. 55, кв. 10', '', '', '89240054192', '25 ОС', '854667', 'Черниговское РОВД', '04.12.2009.', 0, 0, 9),
(168, 'Анатолий', 'Лещинский', 'Владимирович', '28.04.1995', '0515', '264264', 'МРО УФМС России по Приморскому краю по городскому округу Спасск-Дальний и Спасскому муниципальному району', '22.05.2015', 'Приморский край, г.Спасск-Дальний, ул. Парковая, д.33, кв.47', 'г.Владивосток, о.Русский, военный городок №16', '', '', '89841926640', '2513', '520811', 'ГИБДД 2505', '05.10.2013.', 0, 0, 9),
(169, 'Алексей', 'Коворов', 'Санджиевич', '07.04.1985', '8506', '353226', 'ТП ОФМС России по Республике Калмыкия в Целинном районе', '27.04.2007', 'Респ. Калмыкия, р-н Целинный, с. Троицкое, ул. Им Зая Пандиты, д. 17', 'Респ. Калмыкия, р-н Целинный, с. Троицкое, ул. Им Зая Пандиты, д. 17', '', '', '89374676115', '0811', '710500', 'ГИБДД 1105801', '19.10.2012.', 0, 0, 9),
(170, 'Александр', 'Таскаев', 'Алексеевич', '08.03.1970', '0515', '268312', 'Отделом УФМС России по Приморскому краю в Советском районе г. Владивостока', '24.04.2015', 'г. Владивосток, ул. Магнитогорская, д. 20, общ.', '', '', '', '89147057382', '7507', '421206', 'ГИБДД 7523', '26.07.2012.', 0, 0, 9),
(171, 'АЛЬФРЕД', 'НОВИКОВ', 'ВИКТОРОВИЧ', '13.06.1984', '0503', '923298', 'УПРАВЛЕНИЕМ ВНУТРЕННИХ ДЕЛ ГОР.УССУРИЙСКА ПРИМОРСКОГО КРАЯ', '22.06.2004', 'ОУФМС РОССИИ ПО ПРИМОРСКОМУ КРАЮ В Г.УССУРИЙСК УЛ.КИРОВА Д.48 КОРП.А КВ.37', '', '', '', '+818058560100', '25ЕУ', '023184', 'ГИБДД МВД-УВД УССУРИЙСК', '28.05.2007.', 0, 0, 9),
(172, 'Анастасия', 'Лобанцеева', 'Андреевна', '16.06.1990', '0510', '756033', 'Отделом УФМС России по Приморскому краю в Уссурийском городском округе', '22.07.2010', 'г. Уссурийск, Александра Францева, д. 2, кв. 9', 'г. Владивосток, Красного знамени пр-кт, д. 104, кв. 17', '', '', '89242616555', '2531', '207604', 'ГИБДД 2502', '29.05.2017.', 0, 0, 9);
INSERT INTO `clients` (`id`, `first_name`, `last_name`, `middle_name`, `birthday`, `passport_prefix`, `passport_number`, `passport_emitted`, `passport_date`, `address_residence`, `address_real`, `phone_home`, `phone_work`, `phone_mobile`, `license_prefix`, `license_number`, `license_emitted`, `license_date`, `blacked`, `rate`, `owner`) VALUES
(173, 'Алексей', 'Кашин', 'Анатольевич', '17.12.1978', '0502', '753302', 'Ленинским РУВД гор. Владивостока', '22.03.2002', 'г. Владивосток, ул. Котельникова, д. 17, кв. 616', '', '', '', '89841434020', '2526', '280276', 'ГИБДД 2501', '27.04.2016.', 0, 0, 9),
(174, 'Валерий', 'Разоренов', 'Владимирович', '04.04.1968', '0513', '067818', 'Отделом УФМС России по Приморскому краю в Первореченском районе гор. Владивостока', '23.04.2013', 'г .Владивосток, ул. Некрасовская, д. 96, корп. 3, кв. 2', '', '', '', '89147912755', '2531', '232611', 'ГИБДД 2501', '10.08.2018.', 0, 0, 9),
(175, 'ЕЛЕНА', 'МАКЕЕВА', 'ИВАНОВНА', '28.08.1996', '1016', '498571', 'МО УФМС РОССИИ ПО АМУРСКОЙ ОБЛ. В Г. БЛАГОВЕЩЕНСКЕ', '04.10.2016', 'ОБЛ.АМУРСКАЯ Р-Н БЛАГОВЕЩЕНСКИЙ С. ЧИГИРИ УЛ. 1-Я ТЕПЛИЧНАЯ ДОМ 18 КВ. 19', '', '', '', '89991653145', '2824', '836874', 'ГИБДД 2854', '07.10.2016.', 0, 0, 9),
(176, 'Дмитрий', 'Яценко', 'Сергеевич', '11.02.1992', '0511', '934533', 'ОУФМС России по Приморскому краю в Первомайском районе гор. Владивостока', '21.03.2012', 'г. Владивосток, ул. 50 лет ВЛКСМ, д. 24/1, кв. 74', '', '', '', '89025069039', '2511', '262125', 'ГИБДД 2501', '25.10.2012.', 0, 0, 9),
(177, 'Сергей', 'Питенко', 'Сергеевич', '01.01.1983', '0503', '511339', 'Ханкайским РОВД Приморского края', '25.06.2003', 'г. Находка, ул. Гагарина, д. 12, кв. 32', '', '', '', '89147059932', '2511', '241447', 'ГИБДД 2503', '01.08.2012.', 0, 0, 9),
(178, 'Оксана', 'Власова', 'Владимировна', '24.09.1981', '0503', '496185', 'Третьим отделением милиции УВД гор. Находки', '11.09.2003', 'Приморский край, пос.Врангель, ул. Невельского, д. 2, кв. 109', '', '', '', '89147161223', '2531', '244418', 'ГИБДД 2501', '17.10.2017.', 0, 0, 9),
(179, 'Евгений', 'Дращев', 'Владиславович', '28.02.1968', '3012', '499358', 'Отделением УФМС России по Камчатскому краю в Елизовском районе', '23.03.2013', 'Камчатский край, Елизовский р-н, пос. Пионерский, ул. Бонивура, д. 9, кв. 45', '', '', '', '89622817260', '41ВА', '065007', 'ГИБДД 0109', '12.02.2008.', 0, 0, 9),
(180, 'Владимир', 'Пантелеев', 'Анатольевич', '04.05.1974', '0503', '253527', 'Лесозаводским ГОВД Приморского края', '19.12.2002', 'Приморский край, с. Тихменево, ул. Лазо, д. 24', '', '', '', '89143360860', '25 ОЕ', '597428', 'Лесозаводским ГОВД', '27.02.2008.', 0, 5, 9),
(181, 'Татьяна', 'Кузнецова', 'Евгеньевна', '02.06.1982', '0504', '176003', 'Советским РУВД гор. Владивостока', '17.02.2006', 'г. Владивосток, ул. Пограничная, д. 22а, кв. 24', '', '', '', '89046292404', '2523', '921821', 'ГИБДД 2501', '08.09.2015.', 0, 0, 9),
(182, 'Сергей', 'Крамар', 'Михайлович', '31.03.1982', '0503', '876251', 'Управлением внутренних дел гор. Уссурийска Приморского края', '18.05.2004', 'г. Владивосток, ул. Волховская, д. 31, кв. 113, 114, 115, 116', 'г. Владивосток, ул. Невская, д. 18, кв. 18', '', '', '89084437469', '2532', '254402', 'ГИБДД 2501', '08.11.2017.', 0, 0, 9),
(183, 'Екатерина', 'Ворона', 'Борисовна', '10.09.1987', '0507', '372917', 'ОУФМС России по Приморскому краю в Советском районе гор. Владивостока', '02.08.2007', 'г. Владивосток, ул. Русская, д. 86, кв. 23', '', '', '', '89159466488', '5230', '927741', 'ГИБДД 5201', '24.06.2017.', 0, 0, 9),
(184, 'Александр', 'Заболотский', 'Евгеньевич', '07.12.1980', '0503', '779482', 'Ярославским отделением милиции Хорольского РОВД Приморского края', '25.11.2003', 'Приморский край, пос. Ярославский, ул. Школьный проезд, д. 2, кв. 34', 'г. Владивосток, ул. Бородинская, д. 43, кв. 18', '', '', '89147117799', '25 ОМ', '501729', 'Хорольским РОВд', '20.03.2009.', 0, 0, 9),
(185, 'Сергей', 'Окин', 'Сергеевич', '15.02.1983', '4403', '171638', 'Отделом внутренних дел Среднеканского района Магаданской области', '23.09.2003', 'Приморский край, г. Артем, ул. Харьковская, д. 6, кв, 12', '', '', '', '89149797777', '2521', '993916', 'ГИБДД 2501', '25.06.2015.', 0, 0, 9),
(186, 'Сергей', 'Дятлов', 'Валерьевич', '15.09.1981', '0503', '300944', 'Первомайским РУВД гор. Владивостока', '24.01.2003', 'г. Владивосток, ул. Анны Щетининой, д. 17, кв. 4', '', '', '', '89146623967', '25 УН', '512324', 'МЭО ГИБДД УВД по ПК отделение 2 1', '28.01.2011.', 0, 0, 9),
(187, 'Валерий', 'Бабичев', 'Сергеевич', '27.04.1964', '0509', '621743', 'ОУФМС России по Приморскому краю в Первореченском районе гор. Владивостока', '07.05.2009', 'г. Владивосток, ул. Овчинникова, д. 24, кв. 10', '', '', '', '89147052474', '2529', '950543', 'ГИБДД 2501', '28.04.2017.', 0, 0, 9),
(188, 'Илья', 'Романов', 'Андреевич', '26.10.1986', '1006', '995286', 'Зейским ГРОВД Амурской области', '09.02.2007', 'г. Владивосток, Океанский пр-кт, д. 101, кв. 104', '', '', '', '89143433001', '2506', '212984', 'ГИБДД 2501', '22.03.2012.', 0, 0, 9),
(189, 'Светлана', 'Павлова', 'Леонидовна', '02.01.1967', '0511', '928925', 'ОУФМС России по Приморскому краю в Советском районе гор. Владивостока', '16.01.2012', 'г. Владивосток, Восточный пр-кт, д. 30, кв. 9', '', '', '', '89025240199', '25 ОМ', '082380', 'Владивостокским УВД', '24.09.2009.', 0, 0, 9),
(190, 'Антон', 'Ольховой', 'Константинович', '16.10.1983', '0511', '893771', 'ОУФМС России по Приморскому краю в Первореченском районе гор. Владивостока', '09.09.2011', 'г. Владивосток, ул. Анны Щетининой, д. 25, кв. 81', '', '', '', '89143282695', '25 ОЕ', '589147', 'ГИБДД МВД-УВД Владивосток', '19.02.2008.', 0, 0, 9),
(191, 'Георгий', 'Путин', 'Олегович', '05.12.1997', '9817', '744312', 'ТП в пос. Чульман МРО УФМС России по Республике Саха (Якутия) в Нерюнгринском районе', '06.12.2017', 'Респ. Саха (Якутия), г. Нерюнгри, п. Чульман, ул. Островского, д. 15, кв. 96', 'г. Владивосток, ул. Державина, д. 57, кв. 621', '', '', '89242618503', '1414', '408522', 'ГИБДД 1420', '29.12.2015.', 0, 0, 9),
(192, 'Максим', 'Малый', 'Юрьевич', '22.09.1993', '0513', '118119', 'Отделом УФМС России по Приморскому краю в Артемовском городском округе', '16.10.2013', 'Приморский край, г. Артем, ул. Пограничная, д. 9, кв. 4, комн. 6', 'г. Владивосток, Днепровский пр-к, д. 2, кв. 123', '', '', '89990577957', '2527', '461836', 'ГИБДД 2501', '20.08.2016.', 0, 0, 9),
(193, 'Кирилл', 'Фрош', 'Юрьевич', '17.02.1992', '6511', '271113', 'ОУФМС России по Свердловской области в Орджоникидзевском районе гор. Екатеренбурга', '22.03.2012', 'Свердловская обл., гор. Екатеринбург, Космонавтов пр., д. 62, кв. 58', 'г. Владивосток, гостиница Союз', '', '', '89826261777', '66 АК', '301101', 'ГИБДД 0811', '10.03.2010.', 0, 0, 9),
(194, 'Мирослав', 'Богатырев', 'Валерьевич', '03.10.1978', '9817', '726111', 'МРО УФМС России по Республике Саха (Якутия) в г. Якутске', '29.05.2017', 'Респ. Саха (Якутия), г. Якутск, ул. 50 лет Сов. Армии, д. 25, корп. 4, кв. 45', 'г. Владивосток, ул. Ватутина 4в, кв. 146', '', '', '89167477999', '1430', '373789', 'ГИБДД 1401', '01.06.2017.', 0, 0, 9),
(195, 'Сергей', 'Хинкин', 'Владимирович', '27.08.1987', '6507', '234800', 'Отделом УФМС России по Свердловской области в Кировском р-не гор. Екатеринбурга', '04.12.2007', 'Свердловская область, г. Екатеринбург, ул. Павла Шаманова, д. 17, кв. 18', '', '', '', '89126134842', '6626', '022372', 'ГИБДД 6608', '26.09.2015.', 0, 0, 9),
(196, 'Константин', 'Ливенцов', 'Сергеевич', '11.03.1987', '5006', '157501', 'Отделом УФМС России по Новосибирской области в Дзержинском районе', '16.04.2007', 'г. Новосибирск, ул. Курильская, д. 11', '', '', '', '89232260054', '5423', '860177', 'ГИБДД 5423', '18.06.2015.', 0, 0, 9),
(197, 'Дмитрий', 'Юдин', 'Сергеевич', '13.03.1994', '0514', '184630', 'Отделом УФМС России по Приморскому краю в Первомайском р-не гор. Владивостока', '08.07.2014', 'г. Владивосток, ул. Коммунаров, д. 36, кв. 315', '', '', '', '89940162272', '2521', '974125', 'ГИБДД 2501', '06.03.2015.', 0, 0, 9),
(198, 'Павел', 'Иванов', 'Александрович', '05.08.1991', '3011', '469433', 'Отделом ОФМС России по Камчатскому краю в гор. Петропавловске-Камчатском', '12.08.2011', 'г. Петропавловск-Камчатский, ул. Ломоносова, д. 34/1', 'г. Владивосток, ул. Давыдова, д. 31а, кв. 27', '', '', '89817225253', '4100', '123477', 'МРЭО ГИБДД П-Камчатский', '12.08.2009.', 0, 0, 9),
(199, 'Игорь', 'Вориженков', 'Владимирович', '11.05.1988', '0510', '806044', 'О-нием УФМС России по Приморскому краю в ЗАТО гор. Фокино МРО УФМС России по Приморскому краю в Шкотовском МР, ЗАТО гор. Фокино и ЗАТО гор. Большой камень', '25.03.2011', 'Тамбовская область, дер. Красненькая, Совхозный пер., д. 14, кв. 2', 'г. Владивосток, ул. Демьяна Бедного, д. 5', '', '', '89996153515', '6817', '176755', 'ГИБДД 6830', '23.04.2014.', 0, 0, 9),
(200, 'Иван', 'Бондаренко', 'Николаевич', '02.01.1984', '0513', '028741', 'Отделом УФМС России по Приморскому краю в Первореченском районе гор. Владивостока', '23.11.2012', 'г. Владивосток, ул. Невская, д. 4, кв. 9', '', '', '', '89644336644', '2506', '216844', 'ГИБДД 2501', '04.04.2012.', 0, 0, 9),
(201, 'ИВАН', 'ПОПОВ', 'НИКОЛАЕВИЧ', '04.05.1955', '3915', '160608', 'ТП №57 ОТДЕЛА УФМС РОССИИ ПО САНКТ-ПЕТЕРБУРГУ И ЛЕНИНГРАДСКОЙ ОБЛ. В НЕВСКОМ Р-НЕ Г. САНКТ-ПЕТЕРБУРГА', '16.03.2017', 'ГОР. САНКТ-ПЕТЕРБУРГ ПР-КТ ПЯТИЛЕТОК ДОМ 14 КОРП. 2 КВ. 143', '', '', '', '89964243654', '78СК', '005991', 'ГИБДД 1053', '09.06.2010.', 0, 0, 9),
(202, 'Вероника', 'Акбарова', 'Юрьевна', '07.10.1970', '0515', '281222', 'Отделом УФМС России по Приморскому краю в Дальнегорском городском округе', '14.10.2015', 'Приморский край, г. Дальнегорск, ул. Химиков, д. 3а, кв. 19', '', '', '', '89146587828', '25 ОХ', '822113', 'МОГТО и РАС №4 ГИБДД УВД', '19.12.2009.', 0, 0, 9),
(203, 'НИКОЛАЙ', 'ШАТОВ', 'НИКОЛАЕВИЧ', '02.10.1983', '0503', '807457', 'ПЕРВОРЕЧЕНСКИМ РУВД ГОР. ВЛАДИВОСТОКА', '18.03.2004', 'Г. ВЛАДИВОСТОК УЛ. ДАВЫДОВА ДОМ 42 КВ. 36', '', '', '', '89146993151', '2511', '244615', 'ГИБДД 2501', '28.07.2012.', 0, 0, 9),
(204, 'Максим', 'Алешин', 'Юрьевич', '04.12.1986', '0508', '549920', 'МРО УФМС России по Приморскому краю в гор. Арсеньеве и Анучинском р-не', '14.01.2009', 'Приморский край, с. Спасское, ул. Спасская, д. 141', '', '', '', '89149724412', '5021', '196050', 'ГИБДД 2820', '06.02.2015.', 0, 0, 9),
(205, 'Константин', 'Бабичев', 'Сергеевич', '11.05.1979', '0503', '175767', 'Первомайским РУВД гор. Владивостока', '11.11.2002', 'г. Владивосток, ул. Окатовая, д. 2, кв. 64', '', '', '', '89020537100', '2531', '229751', 'ГИБДД 2501', '01.08.2017.', 0, 0, 9),
(206, 'НИКОЛАЙ', 'КУЗНЕЦОВ', 'ВАСИЛЬЕВИЧ', '19.06.1978', '0503', '868721', 'ПЕРВОМАЙСКИМ РУВД ГОР. ВЛАДИВОСТОКА', '01.04.2004', 'Г. ВЛАДИВОСТОК УЛ. КАЛИНИНА ДОМ 41 КВ. 8', '', '', '', '89146896007', '25ОМ', '494675', 'ГИБДД МВД-УВД ВЛАДИВОСТОК', '27.02.2009.', 0, 0, 9),
(207, 'Дмитрий', 'Бондарь', 'Александрович', '10.04.1997', '0517', '464909', 'Отделом УФМС России по Приморскому краю в Советском районе г. Владивостока', '06.06.2017', 'Приморский край, пгт Лучегорск, мкр 2-й, д. 6, кв. 137', '', '', '', '89996147800', '2523', '911440', 'ГИБДД 2501', '16.07.2015.', 0, 0, 9),
(208, 'НИКИТА', 'ТАЛЬКОВ', 'СЕРГЕЕВИЧ', '11.10.1996', '0816', '407885', 'ОУФМС РОССИИ ПО ХАБАРОВСКОМУ КРАЮ И ЕВРЕЙСКОЙ АВТОНОМНОЙ ОБЛАСТИ В КИРОВСКОМ И КРАСНОФЛОТСКОМ РАЙОНАХ Г. ХАБАРОВСКА', '22.11.2016', 'Г. ВЛАДИВОСТОК УЛ. ПОЛЯРНАЯ ДОМ 7 КОРП. 6 КВ. 16', '', '89294122223', '', '89244135255', '2724', '822093', 'ГИБДД 2701', '05.03.2016.', 0, 0, 9),
(209, 'Анатолий', 'Быстрицкий', 'Александрович', '11.01.1980', '0503', '515681', 'Кавалеровским РОВД Приморского края', '07.07.2003', 'г.Владивосток, ул. Русская, д. 76б, кв. 21', '', '', '', '89245221292', '2513', '509837', 'ГИБДД 2507', '11.07.2013.', 0, 0, 9),
(210, 'ВЕРА', 'РАГОЗИНСКАЯ', 'КОНСТАНТИНОВНА', '06.03.1984', '0511', '928263', 'ОУФМС РОССИИ ПО ПРИМОРСКОМУ КРАЮ В ПЕРВОРЕЧЕНСКОМ РАЙОНЕ ГОР. ВЛАДИВОСТОКА', '11.01.2012', 'ГОР. САНКТ-ПЕТЕРБУРГ ПР-КТ ПРОСВЕЩЕНИЯ ДОМ 69 КВ. 169', '', '', '', '89811660419', '2506', '224649', 'ГИБДД 2501', '26.05.2012.', 0, 0, 9),
(211, 'Дмитрий', 'Волк', 'Геннадьевич', '08.09.1980', '6402', '329088', 'Отделом внутренних дел гор. Поронайска Сахалинской области', '20.12.2002', 'г. Южно-Сахалинск, ул. Комсомольская, д. 257, кв. 21', '', '', '', '89147588713', '65 ОН', '354144', 'Поронайск', '31.03.2009.', 0, 0, 9),
(212, 'Кирилл', 'Волков', 'Владимирович', '10.05.1985', '3004', '341819', 'Ключевским ГОМ ОВД Усть-Камчатского районного МО Камчатской области', '26.01.2006', 'Камчатская область, п. Ключи, ул. Колхозная, д.5, кв. 5', '', '', '', '89854643367', '4133', '268310', 'ГИБДД 4101', '26.09.2017.', 0, 0, 9),
(213, 'ВИКТОР', 'КАРЕЖИН', 'ВИКТОРОВИЧ', '07.08.1986', '6307', '048193', 'ОТДЕЛОМ УФМС РОССИИ ПО САРАТОВСКОЙ ОБЛАСТИ ГОР. ПЕТРОВСКЕ', '23.08.2007', 'Г. ВЛАДИВОСТОК УЛ. НЕЙБУТА ДОМ 23 КВ. 22', '', '', '', '89147360626', '64СА', '823203', 'ГИБДД 0802', '25.01.2011.', 0, 5, 9),
(214, 'АЛЕКСАНДР', 'НЕКИПЕЛОВ', 'АЛЕКСЕЕВИЧ', '22.09.1968', '0514', '157133', 'ОТДЕЛОМ УФМС РОССИИ ПО ПРИМОРСКОМУ КРАЮ В ЛЕНИНСКОМ РАЙОНЕ ГОР. ВЛАДИВОСТОКА', '25.03.2014', 'КРАЙ ПРИМОРСКИЙ ГОР. ВЛАДИВОСТОК УЛ. ПР-КТ КРАСНОГО ЗНАМЕНИ ДОМ 86 КВ.8', '', '89025560016', '89241262543', '89140785010', '2527', '456819', 'ГИБДД 2501', '09.08.2016.', 0, 5, 9),
(215, 'АЛЕКСЕЙ', 'ПОСТНИКОВ', 'ВЛАДИМИРОВИЧ', '24.04.1994', '0514', '189802', 'МРО УФМС РОССИИ ПО ПРИМОРСКОМУ КРАЮ ПО ГОРОДСКОМУ ОКРУГУ СПАССК-ДАЛЬНИЙ И СПАССКОМУ МУНИЦИПАЛЬНОМУ РАЙОНУ', '31.07.2014', 'КРАЙ ПРИМОРСКИЙ Р-Н СПАССКИЙ С. НОВОВЛАДИМИРОВКА УЛ. САДОВАЯ ДОМ 11 КВ. 2', '', '', '', '89084573374', '2511', '260345', 'ГИБДД 2505', '04.12.2012.', 0, 0, 9),
(216, 'ЮРИЙ', 'ТЕН', 'КОНСТАНТИНОВИЧ', '24.08.1985', '0506', '293548', 'УПРАВЛЕНИЕМ ВНУТРЕННИХ ДЕЛ ГОРОДА АРТЕМА ПРИМОРСКОГО КРАЯ', '11.12.2006', 'ПРИМОРСКИЙ КРАЙ Г. ВЛАДИВОСТОК УЛ. УЛЬЯНОВСКАЯ ДОМ 4 КВ. 7', '', '', '', '89146568666', '25ОЕ', '470821', 'УВД Г. АРТЕМА', '15.04.2008.', 0, 0, 9),
(217, 'Игорь', 'Древаль', 'Валериевич', '31.05.1975', '4402', '102268', 'УВД г. Магадана', '29.05.2002', 'г. Владивосток, пер-к Математический, д. 5', '', '', '', '89147905054', '25 УВ', '028765', 'МОГТО и РАС ГИБДД №1 УВД по ПК', '05.02.2010.', 0, 0, 9),
(218, 'ДМИТРИЙ', 'ИВЛИЦКИЙ', 'НИКОЛАЕВИЧ', '15.09.1987', '6507', '235045', 'ОТДЕЛОМ УФМС РОССИИ ПО СВЕРДЛОВСКОЙ ОБЛАСТИ В КИРОВСКОМ Р-НЕ ГОР. ЕКАТЕРИНБУРГА', '19.12.2007', 'СВЕРДЛОВСКАЯ ОБЛ. ГОР. ЕКАТЕРИНБУРГ УЛ. СЫРОМОЛОТОВА ДОМ 25 КВ. 100', '', '', '89068939546', '89506393013', '66АВ', '393134', 'ГИБДД 0117', '18.11.2010.', 0, 0, 9),
(219, 'Анастасия', 'Думнова', 'Викторовна', '13.10.1982', '8112', '486835', 'ТП ОУФМС России по республике Бурятия в Железнодорожном р-не гор. Улан-Удэ', '16.11.2012', 'г. Уан-Удэ, ул. Кошевого, д. 38в', '', '', '', '89242690099', '0308', '494602', 'ГИБДД 0312', '28.11.2011.', 0, 0, 9),
(220, 'МАКСИМ', 'ИГНАТЬЕВ', 'АЛЕКСЕЕВИЧ', '11.11.1982', '2506', '664282', 'ОТДЕЛОМ МИЛИЦИИ ГОРОДА ИРКУТСК-35 ИРКУТСКОЙ ОБЛАСТИ', '02.06.2006', 'ИРКУТСКАЯ ОБЛАСТЬ Г. ИРКУТСК-35 МИКР. ЗЕЛЕНЫЙ В/Ч 48409 ОБЩ.', '', '', '', '89246350864', '3822', '433275', 'ГИБДД 3801', '13.05.2015.', 0, 0, 9),
(221, 'Алексей', 'Журавлев', 'Диомидович', '20.11.1969', '2515', '070748', 'Отделом УФМС России по Иркутской области в Свердловском р-не гор. Иркутска', '23.12.2014', 'г. Иркутск, ул. Колхозная, д. 89, кв. 70', '', '', '', '89025117661', '38 ММ', '030207', 'ГИБДД 2123', '25.11.2010.', 0, 0, 9),
(222, 'Павел', 'Иванов', 'Сергеевич', '16.01.1996', '0515', '343252', 'Отделом УФМС России по Приморскому краю в Первомайском р-не гор. Владивостока', '28.01.2016', 'г. Владивосток, ул. Сахалинская, д. 32а, кв. 18', '', '', '', '89532076724', '2521', '980613', 'ГИБДД 2501', '04.04.2015.', 0, 0, 9),
(223, 'Анатолий', 'Игнатов', 'Евгеньевич', '26.11.1973', '3009', '442393', 'Отделом ОФМС России по Камчатскому краю в гор. Петропавловске-Камчатском', '30.04.2010', 'г. Петропавловск-Камчатский, ул. Полевая, д. 25, кв. 8', '', '', '', '89146212616', '4126', '318634', 'ГИБДД 4101', '01.06.2016.', 0, 0, 9),
(224, 'Эрчим', 'Исаков', 'Валентинович', '18.08.1983', '9815', '626371', 'ТП в Хангаласском р-не МРО УФМС по Республике Саха (Якутия) в г. Якутске', '27.10.2015', 'Респ. Саха (Якутия), с. Улах-Ан, ул. Исакова, д. 10', '', '', '', '89245924477', '1412', '363956', 'ГИБДД 1401', '17.10.2013.', 0, 0, 9),
(225, 'ДМИТРИЙ', 'ПОЛТАВЕЦ', 'ЕВГЕНЬЕВИЧ', '18.12.1996', '0516', '434523', 'ОТДЕЛОМ УФМС РОССИИ ПО ПРИМОРСКОМУ КРАЮ В СОВЕТСКОМ РАЙОНЕ Г. ВЛАДИВОСТОКА', '16.01.2017', 'КРАЙ ПРИМОРСКИЙ ГОР. ВЛАДИВОСТОК УЛ. РУССКАЯ ДОМ 84 КВ. 46', '', '', '', '89146884544', '2527', '467477', 'ГИБДД 2501', '08.09.2016.', 0, 0, 9),
(226, 'Владимир', 'Казюлькин', 'Павлович', '15.05.1982', '4710', '275702', 'Отделом УФМС России по Мурманской области в Первомайском АО города Мурманска', '13.07.2010', 'г. Мурманск, ул. Воровского, д. 11, кв. 58', '', '', '', '89217254516', '51 УА', '508531', 'ГИБДД МВД-УВД г. Мурманска', '15.04.2010.', 0, 0, 9),
(227, 'ОЛЕГ', 'МЕРЕКИН', 'АНАТОЛЬЕВИЧ', '19.03.1960', '0504', '083713', 'СОВЕТСКИМ РУВД ГОР. ВЛАДИВОСТОКА', '03.05.2005', 'Г. ВЛАДИВОСТОК УЛ. РУССКАЯ ДОМ 87 КВ. 802', '', '', '', '89243217772', '25ХК', '000401', 'ГИБДД 0101', '06.07.2010.', 0, 0, 9),
(228, 'Юрий', 'Калюга', 'Александрович', '22.10.1988', '3009', '437535', 'Отделом ОФМС России по Камчатскому краю в гор. Петропавловске-Камчатском', '19.02.2010', 'г. Петропавловск-Камчатский, ул. Солнечная, д. 5, кв. 64', '', '', '', '89841696666', '41 УВ', '346670', 'МРЭО ГИБДД УВД по Камчатскому краю', '18.02.2011.', 0, 0, 9),
(229, 'Елена', 'Косянюк', 'Леонидовна', '25.05.1979', '0508', '466850', 'Отделением УФМС Росии по Приморскому краю в Яковлевском районе', '21.02.2008', 'Приморский край, с. Минеральное, ул. Клубная, д. 3', '', '', '', '89089648964', '2515', '542512', 'ГИБДД 2501', '21.01.2014.', 0, 0, 9),
(230, 'НИКИТА', 'ПРИСТАВКО', 'АЛЕКСАНДРОВИЧ', '10.11.1985', '0509', '623028', 'ОУФМС РОССИИ ПО ПРИМОРСКОМУ КРАЮ В СОВЕТСКОМ РАЙОНЕ ГОР. ВЛАДИВОСТОКА', '30.06.2009', 'ПРИМОРСКИЙ КРАЙ ГОР. ВЛАДИВОСТОК УЛ. РУССКАЯ Д. 78 КВ. 33', '', '', '', '89147061519', '2529', '941573', 'ГИБДД 2501', '30.03.2017.', 0, 0, 9),
(231, 'Константин', 'Киселев', 'Витальевич', '26.10.1984', '0503', '999661', 'Управлением внутренних дел Приморского края', '07.04.2005', 'г. Владивосток, ул. Русская, д. 67, кв. 510', '', '', '', '89024824047', '2531', '211008', 'ГИБДД 2501', '26.05.2017.', 0, 0, 9),
(232, 'Надежда', 'Коновалова', 'Валерьевна', '27.02.1987', '0509', '724142', 'Отделом УФМС России по Приморскому краю в Артемовском городском округе', '18.03.2010', 'Приморский край, г. Артем, ул. Уссурийская, д. 29, кв. 1', '', '', '', '89243229828', '2513', '515578', 'ГИБДД 2501', '27.06.2013.', 0, 0, 9),
(233, 'ОКСАНА', 'ГАВРИЛЮК', 'АЛЕКСАНДРОВНА', '09.05.1980', '0510', '807769', 'ОУФМС РОССИИ ПО ПРИМОРСКОМУ КРАЮ ВО ФРУНЗЕНСКОМ Р-НЕ Г. ВЛАДИВОСТОКА', '17.01.2011', 'ГОР. ВЛАДИВОСТОК УЛ. САДОВАЯ ДОМ 27 КВ. 64', '', '', '', '89147904270', '2528', '898502', 'ГИБДД 2501', '13.10.2016.', 0, 0, 9),
(234, 'Инна', 'Константинова', 'Владимировна', '19.06.1981', '3003', '302410', 'УВД гор. Петропавловска-Камчатского', '26.06.2004', 'Камчатский край, г. Вилючинск, ул. Крашенинникова, д. 12, кв. 33', '', '', '', '89147859404', '41 ОЕ', '371900', 'ГИБДД МВД-УВД П-Камчатский', '26.12.2007.', 0, 0, 9),
(235, 'Альберт', 'Конченко', 'Николаевич', '09.03.1982', '0506', '335285', 'Межрайонным отделением УФМС России по Приморскому краю в гор. Спасск-Дальний и Спасском р-не', '15.05.2007', 'Приморский край, с. Спасское, ул. Спасская, д. 144', '', '', '', '89644344565', '2504', '553399', 'ГИБДД 2505', '21.02.2012.', 0, 0, 9),
(236, 'ВЛАДИМИР', 'ГОЛОВИН', 'НИКОЛАЕВИЧ', '01.01.1982', '3002', '131100', 'ВТОРЫМ ПАСПОРТНЫМ ОТДЕЛЕНИЕМ ПВС УВД ГОРОДА ПЕТРОПАВЛОВСКА-КАМЧАТСКОГО', '01.07.2002', 'Г. ЕКАТЕРИНБУРГ УЛ. ВОЕННАЯ Д.4А КВ. 64', '', '', '', '89120318850', '6609', '914329', 'ГИБДД 6608', '24.04.2012.', 0, 0, 9),
(237, 'Екатерина', 'Крылова', 'Анатольевна', '08.11.1981', '4007', '263825', 'Отделением УФМС России по Санкт-Петербургу и Ленинградской обл. в Кронштадтском р-не гор. Санкт-Петербурга', '15.08.2007', 'г. Санкт-Петербург, гор. Кронштадт, Манежный пер., д. 2, кв. 135', '', '', '', '89147234999', '7819', '145192', 'ГИБДД 7862', '11.07.2014.', 0, 0, 9),
(238, 'АЛЕКСАНДР', 'КРЫЛОВ', 'БОРИСОВИЧ', '07.08.1955', '0501', '662004', 'ФРУНЗЕНСКИМ РОВД ГОР. ВЛАДИВОСТОКА', '06.02.2002', 'Г. ВЛАДИВОСТОК УЛ. СИПЯГИНА ДОМ 31 КВ. 24', '', '', '', '89089924766', '25ОС', '848528', 'УВД Г. АРТЕМ', '10.12.2009.', 0, 0, 9),
(239, 'Дмитрий', 'Кудряшов', 'Владимирович', '01.03.1978', '9713', '053336', 'Отделом УФМС России по Чувашской Республике в Калининском районе гор. Чебоксары', '03.10.2013', 'Чувашия Чувашская Республика, гор. Чебоксары, ул. Болгарстроя, д. 5, кв. 139', '', '', '', '89051977676', '2124', '813363', 'ГИБДД 2101', '21.01.2016.', 0, 0, 9),
(240, 'Денис', 'Мерзляков', 'Петрович', '16.07.1987', '0514', '256177', 'Отделением УФМС России по Приморскому краю в Лесозаводском городском округе', '24.02.2015', 'Приморский край, с. Тамга, гор. Лесозаводск, ул. Костина, д. 67, кв. 2', '', '', '', '89146506191', '2531', '214916', 'ГИБДД 2501', '19.06.2017.', 0, 0, 9),
(241, 'Александр', 'Мокриенко', 'Евгеньевич', '24.01.1972', '0503', '422227', 'Советским РУВД гор. Владивостока', '08.07.2003', 'г. Владивосток, Восточный пр., д. 30, кв. 8', '', '', '', '89025240199', '2521', '976544', 'ГИБДД 2501', '24.03.2015.', 0, 5, 9),
(242, 'РОМАН', 'ДОМРАЧЕВ', 'СЕРГЕЕВИЧ', '06.09.1989', '0509', '665121', 'ОУФМС РОССИИ ПО ПРИМОРСКОМУ КРАЮ В ПЕРВОМАЙСКОМ РАЙОНЕ ГОР. ВЛАДИВОСТОКА', '18.09.2009', 'ГОР. ВЛАДИВОСТОК УЛ. САХАЛИНСКАЯ Д. 34 КВ. 703', '', '', '', '89089918398', '2511', '242996', 'ГИБДД 2501', '14.07.2012.', 0, 0, 9),
(243, 'Михаил', 'Невалидов', 'Валентинович', '30.04.1987', '0513', '040881', 'Межрайонным отделом УФМС России по Приморскому краю в Шкотовском муниципальном районе, ЗАТО гор. Фокино и ЗАТО гор. Большой камень', '30.05.2013', 'ПРиморский край, г. Большой камень, ул. Горького, д. 31, кв. 12', '', '', '', '89084498908', '2511', '282080', 'ГИБДД 2543', '02.03.2013.', 0, 0, 9),
(244, 'Евгений', 'Ни', 'Павлович', '05.11.1993', '0513', '123033', 'Отделом УФМС России по Приморскому краю в Артемовском городском округе', '21.11.2013', 'Приморский край, г. Артем, ул. Фрунзе, д. 50, кв. 59', '', '', '', '89149744991', '2504', '554465', 'ГИБДД 2511', '03.02.2012.', 0, 0, 9),
(245, 'ВЛАДИСЛАВ', 'КРАВЧЕНКО', 'АНДРЕЕВИЧ', '24.08.1988', '0510', '846487', 'ОУФМС РОССИИ ПО ПРИМОРСКОМУ КРАЮ В ПЕРВОРЕЧЕНСКОМ РАЙОНЕ ГОР. ВЛАДИВОСТОКА', '16.04.2011', 'ГОР. ВЛАДИВОСТОК УЛ. ИРТЫШСКАЯ ДОМ 48 КВ. 26', '', '', '', '89143283334', '2523', '918148', 'ГИБДД 2501', '07.08.2015.', 0, 0, 9),
(246, 'АЛЕКСЕЙ', 'СИЗОВ', 'ЛЕОНИДОВИЧ', '02.03.1979', '1100', '266804', 'ОТДЕЛОМ ВНУТРЕННИХ ДЕЛ ЛОМОНОСОВСКОГО ОКРУГА ГОРОДА АРХАНГЕЛЬСКА', '15.05.2001', 'Г. АРХАНГЕЛЬСК УЛ. ВЫУЧЕЙСКОГО ДОМ 63 КВ. 190', '', '', '', '89115554440', '2919', '942655', 'ГИБДД 2901', '10.10.2014.', 0, 5, 9),
(247, 'Олег', 'Афанасьев', 'Вячеславович', '20.05.1967', '6312', '787627', 'Отделом УФМС России по Саратовской области в Кировском районе города Саратова', '26.07.2012', 'г. Саратов, ул. Луговая, д. 100/112, кв. 36', '', '', '', '87052812932', '6415', '124610', 'ГИБДД 6421', '12.12.2013.', 0, 5, 9),
(248, 'Алексей', 'Попов', 'Михайлович', '25.09.1988', '0508', '582269', 'ОУФМС России по Приморскому краю в Первореченском районе гор. Владивостока', '21.01.2009', 'г. Владивосток, ул. Снеговая, д. 74, кв. 44', '', '', '', '89841882923', '2531', '215209', 'ГИБДД 2501', '09.06.2017.', 0, 0, 9),
(249, 'Андрей', 'Паренчук', 'Леонидович', '13.12.1983', '4506', '971837', 'ОВД Матушкино-Савелки УВД Зеленоградского округа г. Москвы', '17.12.2003', 'г. Зеленоград, корп. 417, кв. 62', '', '', '', '89032091115', '7706', '771808', 'ГИБДД 7725', '09.02.2013.', 0, 0, 9),
(250, 'Евгений', 'Братковский', 'Сергеевич', '23.10.1985', '0504', '141879', 'УВД Ленинского района гор. Владивостока', '29.11.2005', 'г. Владивосток, ул. Громова, д. 12, кв. 193', '', '', '', '89294226611', '25 ЕУ', '750973', 'ГИБДД МВД-УВД Владивосток', '19.05.2007.', 0, 5, 9),
(251, 'АЛЕКСАНДР', 'ТАРАСЕНКО', 'СЕРГЕЕВИЧ', '19.03.1986', '0508', '512020', 'ОТДЕЛОМ УФМС РОССИИ ПО ПРИМОРСКОМУ КРАЮ В ЛЕНИНСКОМ РАЙОНЕ ГОР. ВЛАДИВОСТОКА', '15.08.2008', 'Г. ВЛАДИВОСТОК УЛ. ШИЛКИНСКАЯ ДОМ 11 КВ. 249', '', '', '89149607444', '89147914109', '2513', '505120', 'ГИБДД 2504', '08.05.2013.', 0, 5, 9),
(252, 'ЕВГЕНИЙ', 'САМОСТАЕВ', 'ПАВЛОВИЧ', '08.12.1986', '0513', '100297', 'ОУФМС РОССИИ ПО ПРИМОРСКОМУ КРАЮ В ЛЕНИНСКОМ РАЙОНЕ ГОР. ВЛАДИВОСТОКА', '26.08.2013', 'ГОР. ВЛАДИВОСТОК УЛ. ШИЛКИНСКАЯ ДОМ 4 КВ. 161', '', '', '', '89638386594', '2531', '240427', 'ГИБДД 2501', '15.09.2017.', 0, 5, 9),
(253, 'Дмитрий', 'Астахов', 'Константинович', '07.01.1996', '0515', '326694', 'Отделением УФМС России по Приморскому краю в Лесозаводском городском округе', '19.01.2016', 'Приморский край, г. Лесозаводск, ул. Водная, д. 42', '', '', '', '89245254205', '2518', '730410', 'ГИБДД 2506', '11.10.2014.', 0, 5, 9),
(254, 'ВЯЧЕСЛАВ', 'ЦЫВКИН', 'АЛЕКСАНДРОВИЧ', '10.02.1991', '0510', '847856', 'ОУФМС РОССИИ ПО ПРИМОРСКОМУ КРАЮ В ЛЕНИНСКОМ РАЙОНЕ ГОР. ВЛАДИВОСТОКА', '17.03.2011', 'Г. ВЛАДИВОСТОК УЛ. КАПЛУНОВА ДОМ 6 КВ. 1', '', '', '', '89662875206', '2526', '283828', 'ГИБДД 2503', '11.06.2016.', 0, 5, 9),
(255, 'Галина', 'Антонец', 'Ивановна', '31.01.1975', '0501', '495971', 'ПЕРВОРЕЧЕНСКИМ РОВД ГОР. ВЛАДИВОСТОКА', '03.09.2001', 'г. Владивосток, ул. Сабанеева 15, кв. 125.', 'г. Владивосток, ул. Сабанеева 15, кв. 125.', '', '', '8-924-730-98-28', '2518', '734082', 'ГИБДД 2501', '06.09.2014.', 0, 0, 5),
(256, 'Кристина', 'Ошарова', 'Вадимовна', '05.07.1991', '0517', '507485', 'ОТДЕЛОМ УФМС РОССИИ ПО ПРИМОРСКОМУ КРАЮ В ЛЕНИНСКОМ РАЙОНЕ ГОР. ВЛАДИВОСТОКА', '20.09.2017', 'г. Владивосток, ул. Тунгусская 50, кв. 73', 'г. Владивосток, ул. Тунгусская 50, кв. 73', '', '', '8-902-481-27-45', '25УВ', '028301', 'ГИБДД №1 УВД по ПУ', '02.02.2010.', 0, 0, 5),
(257, 'Александр', 'Самохвалов', 'Юрьевич', '07.11.1967', '0517', '487717', 'ОТДЕЛОМ УФМС РОССИИ РО ПРИМОРСКОМУ КРАЮ В ПЕРВОМАЙСКОМ Р-НЕ ГОР. ВЛАДИВОСТОКА', '24.05.2017', 'г. Владивосток, ул. Харьковская 9, кв. 34.', 'г. Владивосток, ул. Харьковская 9, кв. 34.', '', '', '8-908-457-82-47', '2531', '226809', 'ГИБДД 2501', '27.07.2017.', 0, 0, 5),
(258, 'Андрей', 'Куприенко', 'Анатольевич', '29.12.1987', '0507', '434672', 'МРО УФМС РОССИИ ПО ПРИМОРСКОМУ КРАЮ ПО ГОР. АРТЕМУ И НАДЕЖДЕНСКОМУ РАЙОНУ', '30.01.2008', 'г. Артем, ул. Полевая 9, кв 28.', 'г. Артем, ул. Полевая 9, кв 28.', '', '', '8-914-345-54-44', '2527', '464722', 'ГИБДД 2501', '08.09.2016.', 0, 0, 5),
(259, 'Алексей', 'Мартынов', 'Николаевич', '30.12.1992', '0513', '039296', 'ОТДЕЛЕНИЕМ УФМС РОССИИ ПО ПРИМОРСКОМУ КРАЮ ВО ФРУНЗЕНСКОМ Р-НЕ Г. ВЛАДИВОСТОКА', '29.01.2013', 'г. Владивосток, ул. Мордовцева 8, кв. 10.', 'г. Владивосток, ул. Мордовцева 8, кв. 10.', '', '', '8-914-702-05-09', '2532', '269738', 'ГИБДД 2501', '27.12.2017.', 0, 0, 5),
(260, 'Олег', 'Цыплюк', 'Сергеевич', '29.01.1988', '0507', '435836', 'ТП №1 ОТДЕЛЕНИЯ УФМС РОССИИ ПО ПРИМОРСКОМУ КРАЮ В ЛАЗОВСКОМ РАЙОНЕ', '06.02.2008', 'п. Преображение, ул. Морская 1, кв. 19.', 'п. Преображение, ул. Морская 1, кв. 19.', '', '', '8-994-000-80-00', '2506', '209720', 'ГИБДД 2501', '09.03.2012.', 0, 0, 5),
(261, 'Евгений', 'Мазуров', 'Николаевич', '19.08.1992', '0512', '997724', 'ОТДЕЛ УФМС РОССИИ ПО ПРИМОРСКОМУ КРАЮ В ПЕРВОМАЙСКОМ Р-НЕ ГОР. ВЛАДИВОСТОКА', '28.08.2012', 'г. Владивосток, ул. Героев Тихоокеанцев 26, кв. 46.', 'г. Владивосток, ул. Героев Тихоокеанцев 26, кв. 46.', '', '8-951-003-31-17', '8-914-074-23-84', '2526', '272742', 'ГИБДД 2501', '11.03.2016.', 0, 0, 5),
(262, 'ВИКТОРИЯ', 'СКОРОДУМОВА', 'СЕРГЕЕВНА', '21.05.1988', '0509', '671942', 'ОУФМС РОССИИ ПО ПРИМОРСКОМУ КРАЮ В ДАЛЬНЕРЕЧЕНСКОМ ГОРОДСКОМ ОКРУГЕ И ДАЛЬНЕРЕЧЕНСКОМ МУНИЦЫПАЛЬНОМ РАЙОНЕ', '05.11.2009', 'ПРИМОРСКИЙ КРАЙ ДАЛЬНЕРЕЧЕНСКИЙ ГОРОДСКОЙ ОКРУГ И ДАЛЬНЕРЕЧЕНСКИЙ МУНИЦЫПАЛЬНЫЙ РАЙОН С. ВЕДЕНКА УЛ. МАЛАЯ ВЕДЕНКА  Д. 4 КВ. 49', '', '', '', '89146920013', '2511', '259246', 'ГИБДД 2506', '10.11.2012.', 0, 5, 9),
(263, 'КОНСТАНТИН', 'МЕЛЬНИКОВ', 'АНДРЕЕВИЧ', '07.01.1986', '0504', '175813', 'СОВЕТСКИМ РУВД ГОР. ВЛАДИВОСТОКА', '07.02.2006', 'Г. ВЛАДИВОСТОК УЛ. РУССКАЯ ДОМ 65 &quot;А&quot; КВ. 811', '', '', '', '89247306090', '2533', '735643', 'ГИБДД 2501', '20.02.2018.', 0, 0, 9),
(264, 'АЛЕКСЕЙ', 'КАЛНЫШ', 'СЕРГЕЕВИЧ', '25.05.1996', '0516', '380157', 'ОТДЕЛОМ УФМС РОССИИ ПО ПРИМОРСКОМУ КРАЮ В ПЕРВОМАЙСКОМ Р-НЕ ГОР. ВЛАДИВОСТОКА', '07.06.2016', 'ГОР. ВЛАДИВОСТОК УЛ. САФОНОВА ДОМ 26 КВ. 47', '', '', '', '89644480114', '2527', '448218', 'ГИБДД 2501', '01.07.2016.', 0, 5, 9),
(265, 'Алексей', 'Косьяненко', 'Александрович', '03.12.1994', '0514', '250193', 'Отделом УФМС России по Приморскому краю в Ленинском районе г. Владивостока', '21.01.2015', 'г. Владивосток, ул. Невельского, д. 1, кв. 6', '', '', '', '89662908790', '2521', '981887', 'ГИБДД 2501', '21.04.2015.', 0, 5, 9),
(266, 'НИКОЛАЙ', 'ЗАМЫЛИН', 'ВАСИЛЬЕВИЧ', '02.01.1974', '5003', '584589', 'ОВД ПЕРВОМАЙСКОГО РАЙОНА ГОРОДА НОВОСИБИРСКА', '15.11.2002', 'Г. НОВОСИБИРС УЛ. ДЕСАНТНАЯ КВ. 11', 'ГОСТ. РУСЬ', '', '', '89137100099', '54НВ', '204455', 'ГИБДД 0108', '27.11.2009.', 0, 5, 9),
(267, 'ЕВГЕНИЙ', 'МЕЛЬНИКОВ', 'АЛЕКСАНДРОВИЧ', '20.06.1988', '0508', '511274', 'ОТДЕЛОМ УФМС РОССИИ ПО ПРИМОРСКОМУ КРАЮ В ЛЕНИНСКОМ РАЙОНЕ ГОР. ВЛАДИВОСТОКА', '16.07.2008', 'Г. ВЛАДИВОСТОК УЛ. ВАТУТИНА ДОМ 14 КВ. 32', '', '', '', '89841917789', '2820', '080843', 'ГИБДД 2501', '06.01.2015.', 1, 1, 9),
(268, 'ЕВГЕНИЙ', 'СУМЕРИН', 'СЕРГЕЕВИЧ', '19.09.1992', '0511', '946043', 'ОТДЕЛОМ УФМС РОССИИ ПО ПРИМОРСКОМУ КРАЮ В КАВАЛЕРОВСКОМ МУНИЦИПАЛЬНОМ РАЙОНЕ', '28.05.2013', 'ПРИМОРСКИЙ КРАЙ ПГТ. КАВАЛЕРОВСКИЙ УЛ. АРСЕНЬЕВА ДОМ 87 КВ. 8', 'РУССКАЯ Д. 81 КВ. 66', '', '', '89089689066', '2513', '509805', 'ГИБДД 2507', '11.07.2013.', 0, 5, 9);

-- --------------------------------------------------------

--
-- Структура таблицы `comments`
--

CREATE TABLE IF NOT EXISTS `comments` (
  `id` int(11) NOT NULL,
  `user` int(11) NOT NULL,
  `client` int(11) NOT NULL,
  `comment` text NOT NULL,
  `mark` int(11) NOT NULL,
  `order` int(11) NOT NULL
) ENGINE=InnoDB AUTO_INCREMENT=167 DEFAULT CHARSET=utf8;

--
-- Дамп данных таблицы `comments`
--

INSERT INTO `comments` (`id`, `user`, `client`, `comment`, `mark`, `order`) VALUES
(16, 4, 14, 'Хорошо', 4, 22),
(17, 4, 16, 'Хорошо', 5, 23),
(18, 4, 16, 'Хорошо', 5, 24),
(19, 4, 16, 'Отлично', 5, 26),
(20, 4, 17, 'Хорошо', 4, 29),
(21, 6, 20, '', 5, 36),
(22, 6, 20, '', 5, 34),
(23, 6, 20, '', 5, 33),
(24, 6, 20, '', 5, 32),
(25, 6, 19, '', 5, 31),
(26, 5, 34, 'Постоянно день, два долг.  Машину сдал грязную.', 3, 41),
(27, 5, 35, 'Очень пунктуальный и вежливый клиент!', 5, 42),
(28, 5, 35, 'Автомобиль вымыт, сдан в срок.', 5, 43),
(29, 6, 22, '', 5, 35),
(30, 6, 28, '', 5, 37),
(31, 5, 39, '', 5, 46),
(32, 5, 40, '', 5, 47),
(33, 5, 43, '', 5, 48),
(34, 5, 44, '', 5, 49),
(35, 5, 46, 'Машину вернули вовремя, всё в порядке.', 5, 50),
(36, 5, 49, '!!!МОШЕННИК!!! \nМашины не давать!!!! Продал прокатный Allion', 1, 52),
(37, 5, 47, 'Сдал машину вовремя, помытую, без претензий', 5, 51),
(38, 5, 51, 'Постоянный клиент. Ответственный.', 5, 53),
(39, 5, 54, 'Ответственный клиент', 5, 55),
(40, 5, 50, '', 5, 57),
(41, 5, 58, 'Всё вовремя.', 5, 61),
(42, 5, 59, '', 5, 62),
(43, 6, 20, '', 5, 45),
(44, 5, 57, '', 5, 60),
(45, 5, 54, 'Очень ответственный клиент. ', 5, 56),
(46, 5, 65, '', 5, 68),
(47, 5, 62, '', 5, 65),
(48, 5, 71, '', 5, 75),
(49, 5, 69, '', 5, 73),
(50, 5, 56, '', 5, 59),
(51, 5, 66, '', 5, 69),
(52, 8, 70, '', 5, 74),
(53, 8, 67, '', 5, 70),
(54, 8, 63, '', 5, 66),
(55, 8, 61, '', 5, 64),
(56, 8, 60, '', 5, 63),
(57, 8, 29, '', 5, 38),
(58, 8, 64, '', 5, 67),
(59, 5, 68, 'Машину вернул грязную, из за чего не заметили пару царапин. телефон не доступен.', 4, 72),
(60, 5, 75, 'Всегда ездит в долг. Находит кучу отмазок чтоб оттянуть оплату. Но в целом всё нормально. ', 4, 80),
(61, 5, 76, '', 5, 81),
(62, 5, 77, '', 5, 82),
(63, 5, 72, '', 5, 76),
(64, 5, 82, '', 5, 86),
(65, 8, 85, '', 5, 89),
(66, 5, 77, '', 5, 83),
(67, 5, 69, '', 5, 78),
(68, 5, 52, '', 5, 54),
(69, 5, 54, '', 5, 71),
(70, 5, 56, '', 5, 79),
(71, 5, 69, '', 5, 93),
(72, 5, 81, '', 5, 85),
(73, 5, 69, '', 5, 96),
(74, 5, 89, '', 5, 98),
(75, 8, 80, '', 5, 84),
(76, 8, 83, '', 5, 87),
(77, 8, 85, '', 5, 90),
(78, 8, 85, '', 5, 91),
(79, 8, 92, '', 5, 100),
(80, 8, 83, '', 5, 101),
(81, 5, 95, '', 5, 104),
(82, 8, 85, '', 5, 99),
(83, 4, 91, '', 5, 108),
(84, 5, 66, '', 5, 94),
(85, 4, 100, '', 5, 110),
(86, 4, 16, '', 5, 27),
(87, 4, 16, '', 5, 25),
(88, 5, 71, '', 5, 111),
(89, 5, 71, '', 5, 111),
(90, 8, 94, '', 5, 103),
(91, 8, 98, '', 5, 106),
(92, 9, 37, '', 5, 44),
(93, 5, 82, 'Очень аккуратный водитель', 5, 88),
(94, 8, 99, '', 5, 109),
(95, 8, 111, '', 5, 112),
(96, 8, 117, '', 5, 117),
(97, 8, 118, '', 5, 118),
(98, 5, 116, '', 5, 116),
(99, 5, 123, '', 5, 124),
(100, 5, 96, 'Вернул с грязным салоном ( повсюду пепел)', 4, 105),
(101, 8, 119, '', 5, 119),
(102, 5, 69, '', 5, 126),
(103, 8, 93, '', 5, 102),
(104, 8, 121, '', 5, 122),
(105, 8, 113, '', 5, 114),
(106, 5, 73, '', 5, 77),
(107, 8, 85, '', 5, 132),
(108, 8, 125, '', 5, 128),
(109, 5, 128, '', 5, 133),
(110, 5, 56, 'Немного притерла порог на фите. Но оплатила без проблем ремонт. Все оплаты всегда в срок. ', 5, 92),
(111, 5, 129, 'Очень мутный тип. Отказали в аренде.', 1, 134),
(112, 8, 126, '', 5, 130),
(113, 5, 77, 'Ответственный клиент!', 5, 97),
(114, 5, 138, '', 5, 140),
(115, 5, 139, '', 5, 141),
(116, 5, 140, '', 5, 142),
(117, 8, 118, '', 5, 129),
(118, 5, 141, '', 5, 143),
(119, 8, 118, '', 5, 154),
(120, 8, 134, '', 5, 139),
(121, 8, 144, '', 5, 149),
(122, 11, 33, '', 5, 40),
(123, 11, 33, '', 5, 162),
(124, 5, 51, '', 5, 156),
(125, 5, 142, 'Немного замял порог, но расплатился без проблем', 4, 145),
(126, 5, 116, '', 5, 144),
(127, 5, 132, '', 5, 136),
(128, 5, 88, '', 5, 95),
(129, 5, 116, '', 5, 121),
(130, 5, 69, '', 5, 107),
(131, 5, 55, '', 5, 58),
(132, 5, 159, 'Военный. Постоянно не на связи! Накатал долг 7 дней. По итогу уехал в отпуск, машину бросил возле дома. Забирали у его сослуживцев. Машина поцарапана, колесо (диск) одно в хлам разломано.\n\nНе давать машины ни в коем случае!', 1, 166),
(133, 8, 29, '', 5, 169),
(134, 11, 31, '', 5, 39),
(135, 8, 163, 'Отлично, нет проблем!', 5, 170),
(136, 8, 163, 'Повредил незначительно салон', 4, 171),
(137, 4, 16, '', 5, 28),
(138, 9, 115, '', 5, 115),
(139, 9, 120, '', 5, 120),
(140, 9, 122, '', 5, 123),
(141, 9, 213, '', 5, 176),
(142, 5, 77, '', 5, 135),
(143, 5, 43, '', 5, 168),
(144, 9, 214, '', 5, 178),
(145, 9, 213, '', 5, 177),
(146, 5, 69, '', 5, 181),
(147, 9, 247, '', 5, 180),
(148, 9, 246, '', 5, 179),
(149, 9, 250, '', 5, 182),
(150, 9, 252, '', 5, 185),
(151, 9, 251, '', 5, 184),
(152, 9, 253, '', 5, 186),
(153, 9, 241, '', 5, 187),
(154, 9, 254, '', 5, 188),
(155, 9, 214, '', 5, 189),
(156, 9, 166, '', 5, 183),
(157, 9, 262, '', 5, 190),
(158, 9, 264, '', 5, 191),
(159, 9, 180, '', 5, 193),
(160, 9, 268, '', 5, 196),
(161, 9, 266, '', 5, 194),
(162, 8, 163, '', 5, 199),
(163, 8, 16, '', 5, 200),
(164, 9, 265, '', 5, 192),
(165, 9, 115, '', 5, 198),
(166, 9, 267, 'Передача руля, мутный', 1, 195);

-- --------------------------------------------------------

--
-- Структура таблицы `imgs`
--

CREATE TABLE IF NOT EXISTS `imgs` (
  `id` int(11) NOT NULL,
  `client_tmp_id` varchar(255) NOT NULL,
  `client_id` int(11) NOT NULL,
  `url` varchar(500) NOT NULL,
  `user` int(11) NOT NULL
) ENGINE=InnoDB AUTO_INCREMENT=642 DEFAULT CHARSET=utf8;

--
-- Дамп данных таблицы `imgs`
--

INSERT INTO `imgs` (`id`, `client_tmp_id`, `client_id`, `url`, `user`) VALUES
(30, '4399f7784d0d631918d069e40469fa846d5f105b', 7, 'youchCRM-ccd8151be85a456730dff18538b99ac4836ee31f.jpg', 1),
(32, '4399f7784d0d631918d069e40469fa846d5f105b', 7, 'youchCRM-b10c6c3d6e6a6b7faa6dc5f6f8faf9f35d28ec8d.jpg', 1),
(33, '80d383dd4b8e5e4c75d3f69f4b426478f423f0ec', 8, 'youchCRM-02d3cb8d100bd13c68332eb984997bde45ecb502.jpg', 1),
(35, '80d383dd4b8e5e4c75d3f69f4b426478f423f0ec', 8, 'youchCRM-dfec2423178ae91ae2eb3db9b7bd423a9d358107.jpg', 1),
(36, '80d383dd4b8e5e4c75d3f69f4b426478f423f0ec', 8, 'youchCRM-ac6e0be88cbe0bd3e1ef97fb5ef12af33ec5f1e5.jpg', 1),
(37, '8', 8, 'youchCRM-d18fedce48ea9a983357144ed765bcd90c7748af.jpg', 1),
(38, '9b3fba544dda46186b38f6a67c2e316c389c9df6', 9, 'youchCRM-a3b4a97581b7d5967a3b126d20eea4c06fb8040c.jpg', 1),
(39, '9', 0, 'youchCRM-b9ccf482ad1e858963aedfb156ef1eae8a437b71.jpg', 1),
(40, '05d9daa687fa0e318360282b48be6f255ad9e7f8', 10, 'youchCRM-67cb1f1566399f896cced4f969a9f50e51bd3bcf.jpg', 1),
(41, 'cb409c8299ee7bca9af52c8ac96133453aa979ca', 11, 'youchCRM-79e48d5688973522bb7bbcd5571e1635c8ba7aac.jpg', 1),
(42, 'c5845f54872bf48284f09d8e6b6dbcfe0eb99d8d', 12, 'youchCRM-ee64a62b3b58af05bd30385894bc6c3141fd567d.jpg', 3),
(43, '12', 12, 'youchCRM-8d0593ee41f36cfd6e27b89b2d854b23ad27910d.jpg', 3),
(44, '572137012508a111849279b8bea80c7c315b0509', 13, 'youchCRM-a2fc6b5317118d9c83af76607ed3776246f870f9.jpg', 1),
(45, '572137012508a111849279b8bea80c7c315b0509', 13, 'youchCRM-c8814379f4b4491be2b59ad07124797a9d8a4f79.jpg', 1),
(46, '572137012508a111849279b8bea80c7c315b0509', 13, 'youchCRM-cb7ee5b8f9e624618736340bfd756e1be9b772bc.jpg', 1),
(48, 'e50565393540401c80e92a36acfdc4b743863187', 15, 'youchCRM-cd1470520ad77d02be78d435f79e5c2610629185.jpg', 4),
(49, 'e50565393540401c80e92a36acfdc4b743863187', 15, 'youchCRM-75a2c0d34545c24907ea2af96534d0a14e6255c1.jpg', 4),
(50, 'e50565393540401c80e92a36acfdc4b743863187', 15, 'youchCRM-b5a3c01e2a5f762295b90bb2255c4222246d01de.jpg', 4),
(51, 'ccaf5a245189ce38d563d8bb087e4dcf39670bc9', 0, 'youchCRM-90fd18dfd578b39a67f2128841879af59e87a1e8.jpg', 4),
(52, 'ccaf5a245189ce38d563d8bb087e4dcf39670bc9', 0, 'youchCRM-f0a8b62652a086e5e1dccd2511de6909d02ce71e.jpg', 4),
(53, 'ccaf5a245189ce38d563d8bb087e4dcf39670bc9', 0, 'youchCRM-0ef5eba4ae90754f1dbdce22e221819a286b90d8.jpg', 4),
(54, '18ec1163a0ede3b3fa31de9f6527ba26000f76bc', 16, 'youchCRM-91e5a7dd2340908d2342d1af59672b72be407593.jpg', 4),
(55, '18ec1163a0ede3b3fa31de9f6527ba26000f76bc', 16, 'youchCRM-bf4ea7714361e48e1f9fa80a85a4c1f04a2e2e9f.jpg', 4),
(56, '18ec1163a0ede3b3fa31de9f6527ba26000f76bc', 16, 'youchCRM-b3efd20c6fa1ff77b300de9fb9fd260371f32183.jpg', 4),
(57, 'c0e06f3d674fccce7461b26ea6bb82304f4bd247', 17, 'youchCRM-37a791db83f3e46e02ad5b6181b5643ceaf86534.jpg', 4),
(58, 'c0e06f3d674fccce7461b26ea6bb82304f4bd247', 17, 'youchCRM-a5df2cdbf4ac1bef53eeb28bb0b2434f4cc1bc65.jpg', 4),
(59, '86b9bf3e96ff97a608de8322f6b84240039992c7', 18, 'youchCRM-3f7197f42f2e3ba943284d0bb1a848b41b641d90.jpg', 4),
(60, '86b9bf3e96ff97a608de8322f6b84240039992c7', 18, 'youchCRM-eec2e0990495435728947130a7137c2c0b12f8a3.jpg', 4),
(61, '5845d0713259ca9901c445423675d6b2a9c8164a', 19, 'youchCRM-4c06433f794beecc13c5c9f0b819d964c8cbdc9d.jpg', 6),
(62, '5845d0713259ca9901c445423675d6b2a9c8164a', 19, 'youchCRM-5ffe76e95e1291e31cc7231c53bd3ee178e62f5f.jpg', 6),
(63, '1c6b17fa3967c191817f5d6f4cfdb4a5c5701afd', 20, 'youchCRM-247416519a3e022c3ffea784243a71fa065bfc93.jpg', 6),
(65, '7d47452f39420c4f2134f7e23725f3833ed23844', 21, 'youchCRM-a01718f5323ba030909f50a6dc9d20e130222527.jpg', 6),
(67, '793113c212e804e4862d8670f12728cebcd6b62c', 22, 'youchCRM-9b793d13067277995ffc334714c8ce7eb06949ef.jpg', 6),
(68, '793113c212e804e4862d8670f12728cebcd6b62c', 22, 'youchCRM-9951704b01b1ae5b61fe06e266e308b5a89f9a59.jpg', 6),
(69, '793113c212e804e4862d8670f12728cebcd6b62c', 22, 'youchCRM-875d8a01c3aa01e89515c01750bd53b19f9b1fc6.jpg', 6),
(70, '793113c212e804e4862d8670f12728cebcd6b62c', 22, 'youchCRM-22765ef34f83c50b0d6e9b7cbafc65f08c02d79d.jpg', 6),
(71, '6e1614c509b8745b657fb573e7f33eb3ca12d8ec', 23, 'youchCRM-29ccdf97c0382a999b00ca04df1d16cfadfec9f1.jpg', 6),
(72, '6e1614c509b8745b657fb573e7f33eb3ca12d8ec', 23, 'youchCRM-de78b041b287c318c24ca6be5e62a045d4b9fcee.jpg', 6),
(73, '8e429b3f1576b5033057e7fb7446e9c6d215b7e3', 24, 'youchCRM-185a898a617b0348046407bb0bc5e0f81470aaf9.jpg', 6),
(74, '8e429b3f1576b5033057e7fb7446e9c6d215b7e3', 24, 'youchCRM-f9a006dbeba712467618f151dd4824c060b4d210.jpg', 6),
(76, '8ccbdd3661083b94c29bbb462293705202358dd5', 25, 'youchCRM-dd4740fe7a8062ad4765af5b44e2e20d5d179e8f.jpg', 6),
(78, '25', 25, 'youchCRM-30cfae46daa811f0a155e41303d9ec795a1144d0.jpg', 6),
(79, '968e277b2b9fd6ba3860a32b6c6be5e17b56a4f1', 26, 'youchCRM-f5a1e427c038b5fa0ef5825ef82407eb7c02ad0e.jpg', 6),
(80, '968e277b2b9fd6ba3860a32b6c6be5e17b56a4f1', 26, 'youchCRM-9446ba5129160b6994d4e157ed3c58ef8a11f463.jpg', 6),
(81, '1ae54d3bf4e7635f5e3238a13187422250e68c92', 27, 'youchCRM-5991b3b1c2ddf446e28fdc5415a0bef22fad0ba5.jpg', 6),
(82, '1ae54d3bf4e7635f5e3238a13187422250e68c92', 27, 'youchCRM-98bd718452ac49e816d2e69ca714d0fc4caccda9.jpg', 6),
(83, '28defd7be2c5458e7664c0330e8706671509d241', 28, 'youchCRM-379ce32530c4a13ca18333e02d2e6b62aea4f3f2.jpg', 6),
(84, '28defd7be2c5458e7664c0330e8706671509d241', 28, 'youchCRM-80caf08ceca6dd313b3f8a0774bc6859ac958e99.jpg', 6),
(85, '3b584bff360df67ec9ee727c4056519d62811ded', 29, 'youchCRM-6f4c1e3e1fad6d0ce845d37d4354d4424c237236.jpg', 8),
(86, '3b584bff360df67ec9ee727c4056519d62811ded', 29, 'youchCRM-acea9a601d8b3ed0136ad9d980f7ca4b47ad74c9.jpg', 8),
(87, '3b20016568ea084080b7498a3e20e7c9637a496e', 30, 'youchCRM-56446a71e049faf847dcfa3b09a10f3913b9a793.jpg', 6),
(88, '3b20016568ea084080b7498a3e20e7c9637a496e', 30, 'youchCRM-672a822b4f9c252dbd16a2138a2177c2bfe882be.jpg', 6),
(89, '021a0dd5f77fa446efc40c4045a56d26933eb7b2', 31, 'youchCRM-6437ed32ef945fb507e7433b43408f9c8d8bf112.jpg', 11),
(90, '9da8ba35b8a7697f3bb1b86f8b31a8bc8fecc56d', 33, 'youchCRM-669d69bc73dc5a101a254358d5046e78d7274d85.jpg', 11),
(93, '053e1c0bfeb9e657d08da1468afeebe8907dc484', 34, 'youchCRM-1ac89bf88281fdfb7081667c153ea1f4f093e962.jpg', 5),
(94, '053e1c0bfeb9e657d08da1468afeebe8907dc484', 34, 'youchCRM-213e02dcbb05629048dbb6d61f250b3594404822.jpg', 5),
(95, '32', 32, 'youchCRM-04eb34bab8e36e231479b8e3470b352c9a7ceae6.jpg', 6),
(96, '32', 32, 'youchCRM-bfcb6ae81bb082bd40c4ed0b92e39779c2275df2.jpg', 6),
(97, '27c3fedc3ff2dedd8e2fc91e3332683895c6dc5c', 35, 'youchCRM-2a2b2ca5e3c6f2aa0a697eb0fcaffd0532e02c01.jpg', 5),
(98, '27c3fedc3ff2dedd8e2fc91e3332683895c6dc5c', 35, 'youchCRM-f4db565f790a16eb0865178b0420d4e9d362adbd.jpg', 5),
(99, 'fdb728108c83142c4ff14ff22f2da1d4d70983fb', 36, 'youchCRM-a3291be615e5445de9e35799d90472606fad9c8e.jpg', 6),
(100, 'fdb728108c83142c4ff14ff22f2da1d4d70983fb', 36, 'youchCRM-e83794a65a0d6faaee54f2daa7db500e5f1631e7.jpg', 6),
(101, '8fcdba6538261c1ce309f3914661644aca850dff', 37, 'youchCRM-74af8b0c56f8bc3bcadb3932fea61d28f390ad6a.jpg', 9),
(102, '706a083da832a90395731d1e62961ccdf725c2f9', 38, 'youchCRM-a7c39adb16700844753fb48518d6f4bbc39e3dea.jpg', 6),
(103, '706a083da832a90395731d1e62961ccdf725c2f9', 38, 'youchCRM-8fd522ee45e557b566a03320c46475424425096e.jpg', 6),
(104, 'dc284c7ac30a009c89b26bd4212b27320ab8d48e', 39, 'youchCRM-ec788200e1c08e16180d0c527b1075f22e4864d4.jpg', 5),
(105, 'dc284c7ac30a009c89b26bd4212b27320ab8d48e', 39, 'youchCRM-44fa22da6b2fa319bc8ca4b63ab1734571c52670.jpg', 5),
(106, 'dc284c7ac30a009c89b26bd4212b27320ab8d48e', 39, 'youchCRM-dde79954e071c9d2d9b9817e9fc53a5f0da53870.jpg', 5),
(107, 'dc284c7ac30a009c89b26bd4212b27320ab8d48e', 39, 'youchCRM-54cfa2cd1865b7d7eb0ae707311be8a8d3c2f787.jpg', 5),
(108, '3dd7ccadb82d8c9f1f13c6f269af74f8faa0a543', 40, 'youchCRM-49b5173a1adbe157509c61c69ea1508c8e8e74b5.jpg', 5),
(109, '3dd7ccadb82d8c9f1f13c6f269af74f8faa0a543', 40, 'youchCRM-987b912275417869f22f27ecc72e2f21922c9359.jpg', 5),
(110, '3dd7ccadb82d8c9f1f13c6f269af74f8faa0a543', 40, 'youchCRM-f157f160de84d70b0f9ab69415952034a579fd23.jpg', 5),
(111, '3dd7ccadb82d8c9f1f13c6f269af74f8faa0a543', 40, 'youchCRM-35794bb831de27689fc14c71ff57134075d90de6.jpg', 5),
(112, '5f8bee19d7b90e1023892d44273a9777f471081b', 41, 'youchCRM-4f9c0ef944246fe69a47c7e3192d218c26182e57.jpg', 5),
(113, '5f8bee19d7b90e1023892d44273a9777f471081b', 41, 'youchCRM-2fb8272f5a0bf46226873264b8131d5879c31166.jpg', 5),
(115, '41', 41, 'youchCRM-6ec8909626a8e5aff1a54bbf884026d2af94a99f.jpg', 5),
(116, '41', 41, 'youchCRM-cff598ee0b2e8d6e931731364ef188b05f2f5357.jpg', 5),
(117, 'b340b8d2038b4c8d0b3d281ab3d0978fbe9680e7', 42, 'youchCRM-03feaa8d2985e569d8b0b752e40df826c105fbf2.jpg', 6),
(118, 'b340b8d2038b4c8d0b3d281ab3d0978fbe9680e7', 42, 'youchCRM-a2e85b8e1e34f1e7fd95314a490f79d5f93d2f36.jpg', 6),
(119, 'cdf55d6e1895e4ffb3524ff327c72fce77c5da61', 43, 'youchCRM-6f2dd11c3565fcfcd8a2fce7198e1507f73d0585.jpg', 5),
(120, 'e9c6a9a50afef5f9c55bc5f8e5e1e450b467a46c', 44, 'youchCRM-191490249d8d84dfed1d88f1af7b396dba007037.jpg', 5),
(121, 'e9c6a9a50afef5f9c55bc5f8e5e1e450b467a46c', 44, 'youchCRM-afea4d48a8862de6cd2c364475f2b49bc6e60fd4.jpg', 5),
(122, 'e9c6a9a50afef5f9c55bc5f8e5e1e450b467a46c', 44, 'youchCRM-c5ec95c4acec8b76f1100c223a0e70608e53d057.jpg', 5),
(123, 'e9c6a9a50afef5f9c55bc5f8e5e1e450b467a46c', 44, 'youchCRM-746f7596881f3a39a19e4c51f704b9a6f3d6df84.jpg', 5),
(124, '7209978f2a7eab4232b3a9b41878044d22079c5a', 45, 'youchCRM-c9f3c2f1c7f4feb4ab1b10e99b3455c6ae2ac190.jpg', 8),
(125, '86a10eeb4928cd0b008bed7210745778ab9f2aec', 46, 'youchCRM-94455fe751caff46fc1cbb55e7bd8eeb3b26718a.jpg', 5),
(126, '86a10eeb4928cd0b008bed7210745778ab9f2aec', 46, 'youchCRM-521ed1c83a93f4b736b2f65cb95d98907c4777e9.jpg', 5),
(127, '015c5e870bc78a0d3d88483374a3bfc45562f76e', 47, 'youchCRM-e9dbb29b9ad9bb0f0f4eddbf65a4b9f5ac9c55d7.jpg', 5),
(128, '015c5e870bc78a0d3d88483374a3bfc45562f76e', 47, 'youchCRM-4f6f9e3bc266ae33da327a7546a3ff732456623b.jpg', 5),
(129, '37e41a8821ce7ad39d352d739f6140b56cd0f714', 48, 'youchCRM-1d8b729d7f1de7403fedb6e369c7948fa067c229.jpg', 11),
(130, '6a3897347e9d9cad7691ee2f2faeceb982c033a7', 49, 'youchCRM-c6c6017a095239438a1078e2621b686a3a011e8b.jpg', 5),
(131, '6a3897347e9d9cad7691ee2f2faeceb982c033a7', 49, 'youchCRM-d3f61b5d601652ae7bfbda4b0d2317d68236bee6.jpg', 5),
(132, '6a3897347e9d9cad7691ee2f2faeceb982c033a7', 49, 'youchCRM-e39455cfe0b94c4ee65c1881376f20044ad9887f.jpg', 5),
(133, '10fd58178bc7f4bbac4a35527ed25364f53cf535', 50, 'youchCRM-76742e840345877e1f3542698589def929970fd8.jpg', 5),
(134, 'e4f0219e8dd63cd27610485a6b81993369330737', 51, 'youchCRM-38ebafba4d867c80132316c1e553e5fb2837c342.jpg', 5),
(135, 'e4f0219e8dd63cd27610485a6b81993369330737', 51, 'youchCRM-9285c3f8b3de616ecaedf736dd922b38f0795064.jpg', 5),
(136, 'e4f0219e8dd63cd27610485a6b81993369330737', 51, 'youchCRM-09eca47b13b7da87e944206a69a76af74470327d.jpg', 5),
(137, '11a60d2d5bab3ba3d88ef15d3daa4a4fefcf6164', 52, 'youchCRM-7f8a01c81c6568821178651d7345b9044a4cacdf.jpg', 5),
(138, '11a60d2d5bab3ba3d88ef15d3daa4a4fefcf6164', 52, 'youchCRM-e6f2ba4447fbe044a19b7f12eb161508533f34b3.jpg', 5),
(139, '11a60d2d5bab3ba3d88ef15d3daa4a4fefcf6164', 52, 'youchCRM-05ce85f8437533d41a4ed743b001f7a7df6afbc1.jpg', 5),
(140, '11a60d2d5bab3ba3d88ef15d3daa4a4fefcf6164', 52, 'youchCRM-508c02c8161aeec2ade78983f2489ecf72fd3742.jpg', 5),
(141, '9bb555c5589fc7c9f79e02d18d70904649885380', 53, 'youchCRM-a9c6e90430b403038ef7b6bc86991e1df4540d3e.jpg', 5),
(142, '9bb555c5589fc7c9f79e02d18d70904649885380', 53, 'youchCRM-175d57817aefc590e781a6b46fa5c38367a710e6.jpg', 5),
(143, '32f0cbfc4b48dbcf10d06cff1511e91072f09334', 54, 'youchCRM-7aa5bd52d588c1d0e11f1d7952197b846874a2ea.jpg', 5),
(144, '32f0cbfc4b48dbcf10d06cff1511e91072f09334', 54, 'youchCRM-efcaf7dedc9cc0110fef620e55a555500cf966b0.jpg', 5),
(145, 'b5e6d3b95c470b63df9123f9123234e83b012b0a', 55, 'youchCRM-3c4de33c40e104d133e7efc9f2875f3472e36f8d.jpg', 5),
(146, 'b5e6d3b95c470b63df9123f9123234e83b012b0a', 55, 'youchCRM-38048edef422ab508caca82bc6a3c4ec7512b79a.jpg', 5),
(147, '8d84273cf13b9f759e84edf3b772853d5199b18b', 56, 'youchCRM-82af722ca1f4fad0d8916dd244252a464a0b04e6.jpg', 5),
(148, '8d84273cf13b9f759e84edf3b772853d5199b18b', 56, 'youchCRM-4be3f347452e4fab0baa63370a545f87932e1dc9.jpg', 5),
(149, 'a2a719c5fa9a54af3d010aa2aae6ac35d64265af', 57, 'youchCRM-bed152f27abb5fad2f47943576a835bc8e7ef4ac.jpg', 5),
(150, 'a2a719c5fa9a54af3d010aa2aae6ac35d64265af', 57, 'youchCRM-996eab1ac1f8e6b9eb68db30e958097e07c99782.jpg', 5),
(151, '1e5294cf9836a3531a0cf335539237144e2f8e90', 58, 'youchCRM-64c1327a0f91b98e75a90c6752e1bea98e600ee5.jpg', 5),
(152, '1e5294cf9836a3531a0cf335539237144e2f8e90', 58, 'youchCRM-87ff1327052803f978c715b89502073ca31a8203.jpg', 5),
(153, 'c3c50175da7ac593fce25412119209a713b4c6e8', 59, 'youchCRM-c42a1853e10720cef580a4d58fa5e0e8637e3032.jpg', 5),
(154, 'c3c50175da7ac593fce25412119209a713b4c6e8', 59, 'youchCRM-2fdb88bd4d1886c2a3c9ef9ceb8331944c0d8754.jpg', 5),
(155, 'c3c50175da7ac593fce25412119209a713b4c6e8', 59, 'youchCRM-2c727e399efb9cb7733a9a247878728df6a9de06.jpg', 5),
(156, 'c3c50175da7ac593fce25412119209a713b4c6e8', 59, 'youchCRM-99b6f61fed2c653f56b116d8282ab6ae2c882de3.jpg', 5),
(157, '054dfcef0ae6bd674ba2307f00f2695833be8c6b', 60, 'youchCRM-13930d8f253701d977a44043a1bf545f084c4958.jpg', 8),
(158, '799bc35e447a5ed37c367ebc97f66c973feab9c6', 61, 'youchCRM-cc59ab0c0c47d8184768ec382da13201c8957ded.jpg', 8),
(159, '799bc35e447a5ed37c367ebc97f66c973feab9c6', 61, 'youchCRM-0a8e0118e32e69a27da821ccd289ce83220b686b.jpg', 8),
(160, '649b8589177840d747938fa6010d70b822940f32', 62, 'youchCRM-19b0f425c440d8a1b76cb0cead726219afb6c764.jpg', 5),
(161, '649b8589177840d747938fa6010d70b822940f32', 62, 'youchCRM-5287f9dd6658e2681debc0d8895e631d8d0d4c52.jpg', 5),
(162, 'cc9295813922ba58e8cdb8ba0f218262583f783d', 63, 'youchCRM-46211745519f341242729cdb6950f5da269afe65.jpg', 8),
(163, 'cc9295813922ba58e8cdb8ba0f218262583f783d', 63, 'youchCRM-743d6856c9afcadc8548c1d53b39280ecf427c5f.jpg', 8),
(164, '2e2908cc56b17633869960afef09ceaf182e0dfb', 64, 'youchCRM-9b9ea01ff76547bf01fb79c91eb8fa0fd5fa755f.jpg', 8),
(165, '2e2908cc56b17633869960afef09ceaf182e0dfb', 64, 'youchCRM-082400f3368e6f3e50459a4b45031b31e6dd3809.jpg', 8),
(166, '5a3de8fea5fa973b8ab05472caf48e03cb7db7fd', 65, 'youchCRM-5de944a10d288422126c19edc0b13f40d5febbe8.jpg', 5),
(167, '5a3de8fea5fa973b8ab05472caf48e03cb7db7fd', 65, 'youchCRM-fa3374910a211a392a97a9e5d33d2ac7963a3e5f.jpg', 5),
(168, 'd622ab84349b80644302ab7be288fd07ac5303fb', 66, 'youchCRM-e98609754523aa14cc2ce232957365e8581a081d.jpg', 5),
(169, 'd622ab84349b80644302ab7be288fd07ac5303fb', 66, 'youchCRM-34c62f65c435d887f9b93d93a66aedf124de11d7.jpg', 5),
(170, 'c18d64a611958c3712620524794e37b16424561f', 67, 'youchCRM-7df6e696b3296a63251b0b249f7caa2f7a1003e5.jpg', 8),
(171, 'c18d64a611958c3712620524794e37b16424561f', 67, 'youchCRM-8dc63926773ea5bb069d83f170084f124d02591b.jpg', 8),
(172, '6e5c020a9a57789cfb0a748e622212f76185404f', 68, 'youchCRM-310d63c2c16364c836b3e5773018bba201decfdf.jpg', 5),
(173, '6e5c020a9a57789cfb0a748e622212f76185404f', 68, 'youchCRM-4ec8c5709e4dd37eb224cc02cebfa4789c556103.jpg', 5),
(174, '001d262ea10a45e18b4afcb6576470afbd2491aa', 69, 'youchCRM-9fdaa00a2980f2ff9ee3082e536aa22d60187dfe.jpg', 5),
(175, '001d262ea10a45e18b4afcb6576470afbd2491aa', 69, 'youchCRM-ac9af886a74225e76c6c16822bb090fbdc24bb2d.jpg', 5),
(176, '8b90dcc1e3c43cb51477ffc91c9e103bb8b0a873', 70, 'youchCRM-c685f9a7fd4ecd35138e14ba8e22bf16176bbba7.jpg', 8),
(177, '8b90dcc1e3c43cb51477ffc91c9e103bb8b0a873', 70, 'youchCRM-37086fa06defe185b25d021451697e8fe50e1121.jpg', 8),
(178, '6d4b64193f5550589205c946df02816e1ff5da47', 71, 'youchCRM-835d5996698d4db81788cc29e0a2195ef2713356.jpg', 5),
(179, '6d4b64193f5550589205c946df02816e1ff5da47', 71, 'youchCRM-173e8a6f98a34b12b0e88382ae413fa948cb11b0.jpg', 5),
(180, 'd1fe7caddb548c8f8d0b61b352d2ed552df04562', 72, 'youchCRM-536488a33a8b66a4a7a4a64316878c65732a62f7.jpg', 5),
(181, '352c477b81bf22e4edb8fcd787f5b5573679d996', 73, 'youchCRM-854084232963e0d736fc9c54d55ca5c5da2698a7.jpg', 5),
(182, '352c477b81bf22e4edb8fcd787f5b5573679d996', 73, 'youchCRM-84eea431c8037f68231da49d9f1f3460c0872a6e.jpg', 5),
(187, '74', 74, 'youchCRM-e664c693e7f1a2d2129fdd86da41e610eaf32f98.jpg', 8),
(188, '74', 74, 'youchCRM-846466f7d8c0040383a208c6b5957e9ad717fd41.jpg', 8),
(189, '74', 74, 'youchCRM-36e01913e8cd548f23d15dd5a7968bb938ea7675.jpg', 8),
(190, '74', 74, 'youchCRM-f44c4b7553eab16cfbb1b1deb18f5eb26a486dc3.jpg', 8),
(191, '379e0e0b2b1a9b82eefd6824841e4effe71d6acd', 75, 'youchCRM-1fa25c73db4a5ea3ca0e208282a6114310551eff.jpg', 5),
(192, '379e0e0b2b1a9b82eefd6824841e4effe71d6acd', 75, 'youchCRM-12cbd51cc82816c29a1b7ec2efabc19d3f56bc2f.jpg', 5),
(193, '379e0e0b2b1a9b82eefd6824841e4effe71d6acd', 75, 'youchCRM-9cbf76c7728571090ad05d1983e4e5ae626d6353.jpg', 5),
(194, '6e4ceeea3bd3ac984656ddff837c189ed8351ce3', 76, 'youchCRM-b28243b515fcde2f1a97571ab5d9754bd2a28597.jpg', 5),
(195, '6e4ceeea3bd3ac984656ddff837c189ed8351ce3', 76, 'youchCRM-f4cfdd832280c7310f42fdd66285e58d357e31c9.jpg', 5),
(196, '768c82d2becf75ffe2064324b1c5b5bb1d4b90cd', 77, 'youchCRM-0da91f5c2de7384a065893f7ae80bfac8d8479d9.jpg', 5),
(197, '768c82d2becf75ffe2064324b1c5b5bb1d4b90cd', 77, 'youchCRM-578338187058a007e1163ec87fe4ce619203c520.jpg', 5),
(198, '113e83f5b6329a38c321722a7f135d842d75e31c', 78, 'youchCRM-e012ad0b790527f6857b5928065f53b3ed3edc28.jpg', 5),
(199, '113e83f5b6329a38c321722a7f135d842d75e31c', 78, 'youchCRM-75cf5deea00b0d362241378f4faa4920711b1de5.jpg', 5),
(200, 'b83c2450d68e7cbe2f562bf5d2b48e670d07231e', 79, 'youchCRM-52bf5ddb107a5dc43590443341194eb84eeca8ce.jpg', 5),
(201, 'b83c2450d68e7cbe2f562bf5d2b48e670d07231e', 79, 'youchCRM-f60d4be7ab3eb917ff4e282ff95253bdd27fb96f.jpg', 5),
(202, '1d4b174b93575ea45b430128d6525b65344b772a', 80, 'youchCRM-1b10b979a2f7462d7e9c5744cb25b09daa190b3d.jpg', 8),
(203, '1d4b174b93575ea45b430128d6525b65344b772a', 80, 'youchCRM-57bb0b46d27becdacad9ae1b2b4868617d56a015.jpg', 8),
(204, '36174e6237b8542d0db411b3c197dd6ffa3ed5d1', 0, 'youchCRM-aa3f0013d848b8c7b4ef03691748786b837fec65.jpg', 5),
(205, '36174e6237b8542d0db411b3c197dd6ffa3ed5d1', 0, 'youchCRM-37df7a2af1340862a6c4bf05d9ffed678de36f7e.jpg', 5),
(206, '3c3652425f0e51be8cc1b5957dbeb56e53bba811', 81, 'youchCRM-36023405ee44e7e1792ea2c3574d1155d2537e5f.jpg', 5),
(207, '3c3652425f0e51be8cc1b5957dbeb56e53bba811', 81, 'youchCRM-7d4e99a9f26c8fa9777db93bb5febc52c39aa364.jpg', 5),
(208, '88820f5fee22835329cf5ae389322c81df76439a', 82, 'youchCRM-f6da4737f771de86035fe8b682397493cd9eff30.jpg', 5),
(209, '88820f5fee22835329cf5ae389322c81df76439a', 82, 'youchCRM-8875a7e11e834bb475b5cf172f697b61da8902f9.jpg', 5),
(210, '02fbbc72a3a246844f6f30bd6d6256de34170532', 83, 'youchCRM-9bf021e4921ef93b7d40a3e41830181040854162.jpg', 8),
(211, '02fbbc72a3a246844f6f30bd6d6256de34170532', 83, 'youchCRM-000b24307b3f5ed96784fe1ae2ebf241e5c01847.jpg', 8),
(212, '78dddd688d59e5bee77b76bbc2649cd3ab95677f', 84, 'youchCRM-f24162fe52001dc1c9f632b02a85cff74286db77.jpg', 8),
(213, '78dddd688d59e5bee77b76bbc2649cd3ab95677f', 84, 'youchCRM-86c735021ff9824a54b13136f244b3573c3f04f6.jpg', 8),
(214, '78dddd688d59e5bee77b76bbc2649cd3ab95677f', 84, 'youchCRM-cd7c8bb21329e8a98d505567d78654fcdc86f4a6.jpg', 8),
(215, '78dddd688d59e5bee77b76bbc2649cd3ab95677f', 84, 'youchCRM-2c74b54b2680143e6411b5f2ac419119a6285049.jpg', 8),
(216, '889571ebd8c3940ac118969a5d07f9331e89c013', 85, 'youchCRM-4963f2227a4508fd66951f1e4fe5aad24ed71b8c.jpg', 8),
(217, '889571ebd8c3940ac118969a5d07f9331e89c013', 85, 'youchCRM-b8fb091cad4fb04969ff17ba438228b362652048.jpg', 8),
(218, '695cdae0f901cb3644d135af2e54232575f16210', 86, 'youchCRM-6da979d74a7f385bc37f5ea607db618bb92268e3.jpg', 6),
(219, '695cdae0f901cb3644d135af2e54232575f16210', 86, 'youchCRM-404b1f74b6f816608ab9dc31c1c3e987cd07120b.jpg', 6),
(220, '75e7f641ad1e41c4cab169cdfe68d5f1ebfec555', 87, 'youchCRM-62e907447a7e3498d9a585572730faa571e96c49.jpg', 6),
(221, '75e7f641ad1e41c4cab169cdfe68d5f1ebfec555', 87, 'youchCRM-53778054130697750c9b02aa80be276961af5084.jpg', 6),
(222, 'ded47c37b15d954244ae6a66b7fcf1fa6d8519bb', 88, 'youchCRM-5d7a128137e8118c48962c7a9023a80670246db0.jpg', 5),
(223, 'ded47c37b15d954244ae6a66b7fcf1fa6d8519bb', 88, 'youchCRM-7bac678e98a88dfdbf40af7f6ff39e273eba789c.jpg', 5),
(224, '3125b7eb74af67408b9a089219f4c84cc00f71c5', 89, 'youchCRM-a1a6640a3ed77699728cd9cc1a0a972d590baf61.jpg', 5),
(225, '3125b7eb74af67408b9a089219f4c84cc00f71c5', 89, 'youchCRM-9175c14d8a9b5a268cb1106679bed2d9dfc51e40.jpg', 5),
(226, '876bd985b90b8a73058cf42a793f5058ba3e3651', 90, 'youchCRM-677bab35482deab2e27a6879ec05b389a1fc1ee3.jpg', 9),
(227, 'b892e930ee8a3abe932b342dc29ddf5b99d033c1', 91, 'youchCRM-36cf5899c78a61943ea8fb182b2cd10126dd04bd.jpg', 6),
(228, 'b892e930ee8a3abe932b342dc29ddf5b99d033c1', 91, 'youchCRM-25a6d26a8ede73649e701ea2f13a9a4405a261e3.jpg', 6),
(229, '74357b087d04a4631eb820900a65dfc701beaec5', 92, 'youchCRM-2232427cf6c08faff9b61008ed3095562fd02aac.jpg', 8),
(230, '74357b087d04a4631eb820900a65dfc701beaec5', 92, 'youchCRM-2eb4cde8127816c72f8ac074c066ab3bc57fb87c.jpg', 8),
(231, '0de063be35e8c5579b1a3581663b4001e76349b1', 93, 'youchCRM-746d100796b4203a75b1393805c164e32d767675.jpg', 8),
(232, '0de063be35e8c5579b1a3581663b4001e76349b1', 93, 'youchCRM-9de4470d70044faeca2f7107315dcde6f790384b.jpg', 8),
(233, '9984c6d5952a4f125b26fe6fa3f5aaa43370b89b', 94, 'youchCRM-e95ec5c6517a5cbf0485b7d3abca3b4d551319a3.jpg', 8),
(234, '9984c6d5952a4f125b26fe6fa3f5aaa43370b89b', 94, 'youchCRM-7b57d938ad50b63473da0d0feda8472941d38352.jpg', 8),
(235, '9984c6d5952a4f125b26fe6fa3f5aaa43370b89b', 94, 'youchCRM-08aed45f01f271be779a2cfbea7cb5bccabea518.jpg', 8),
(236, '097271a57e99317b640f29d024696a82a70763a0', 95, 'youchCRM-e7d758a0f25661dd772e11fcf3fcdf1b56f9e746.jpg', 5),
(237, '097271a57e99317b640f29d024696a82a70763a0', 95, 'youchCRM-8581ed96de43db941e66f174cacbe1a6e30edf16.jpg', 5),
(238, 'b1b0ee872e6a0c3734909d571b4c20047cd76a79', 96, 'youchCRM-a1e4ba8cefd4d03381876ec7917df9032db4ca4a.jpg', 5),
(239, 'b1b0ee872e6a0c3734909d571b4c20047cd76a79', 96, 'youchCRM-25e96797e514030bccfedf84ee8edc92ae614797.jpg', 5),
(240, '3b77e22c4a8bad9731f354e28648d7564daeb5f8', 97, 'youchCRM-ea01e5becbd04d4c6d3fc543977b0c40ce398a5c.jpg', 8),
(241, '14e4bfebf6f31fd637b76ff25d8dc29e673f35b8', 98, 'youchCRM-e7ee97f703ef0cfe6d94f2865959659a21908509.jpg', 8),
(242, '14e4bfebf6f31fd637b76ff25d8dc29e673f35b8', 98, 'youchCRM-d5563802965282427ded7f15a3a6f690c9ded2cd.jpg', 8),
(243, '14e4bfebf6f31fd637b76ff25d8dc29e673f35b8', 98, 'youchCRM-6da030a7138fe9eaf882ab12c2b93d18d953239b.jpg', 8),
(244, '5e4384df2528f57c3dc5b906136b50aac4d8b0b6', 99, 'youchCRM-dc983f2a9ac0bc5bc412c8a8238fbc4b82a22a89.jpg', 8),
(245, '5e4384df2528f57c3dc5b906136b50aac4d8b0b6', 99, 'youchCRM-6c4a3347b943877f95c3d77ed33bde20c6f0bad1.jpg', 8),
(246, '773db7d7f6a23525b359d87a9739bd08ae8d8817', 100, 'youchCRM-c54bef4d0b6e730cc115b70b2d2142cd31ef606b.jpg', 4),
(247, '572757435952ce42a1e9b8530a15dfdc65c57863', 101, 'youchCRM-408f1ddca6ef1ad6b1a2df8e212fb451a5890248.jpg', 7),
(248, '572757435952ce42a1e9b8530a15dfdc65c57863', 101, 'youchCRM-cb6acfb7e90608767f237b84f020a835677b7724.jpg', 7),
(251, '103', 103, 'youchCRM-1f60de1664d2e0331d6b6744c2f848c100e7d8ef.jpg', 5),
(252, '103', 103, 'youchCRM-016a954b5cb35f6ee5f42dd3607a6b2e7c6fd3d0.jpg', 5),
(253, '104', 104, 'youchCRM-3f3ef564a09b371ce20dee1f747f57b8b5a61358.jpg', 5),
(254, '104', 104, 'youchCRM-1502ae5f719b40545102a82be454bb78c67f22ea.jpg', 5),
(255, '104', 104, 'youchCRM-2f626abd9fb07bb9528a5cdad7326e460cb9d10f.jpg', 5),
(256, 'be01902dc7d3ff472173c92e44159a9ccad136d7', 105, 'youchCRM-327b03d5a5778e216aa9e17c6f30db5f4a7a56cc.jpg', 5),
(257, 'be01902dc7d3ff472173c92e44159a9ccad136d7', 105, 'youchCRM-a1104e2f6288a1e59b9746ad4a424a3a616b688a.jpg', 5),
(258, '3ba12070c7c5533b122d1171043dfc415559c6ba', 106, 'youchCRM-92a629a00e66d954f088a07e1209fc0dc43beb08.jpg', 5),
(259, '3ba12070c7c5533b122d1171043dfc415559c6ba', 106, 'youchCRM-e2e8a5786fb799a4f388d65e81e0856258b15704.jpg', 5),
(260, '8fa4a164a11116abf0f433701b17d56ad0886fdd', 107, 'youchCRM-4da13a2e0bd079e1e3a7321107dc457117edf120.jpg', 6),
(261, '8fa4a164a11116abf0f433701b17d56ad0886fdd', 107, 'youchCRM-ed18437e1f85fba8156ab0af04541cee6e9c5d5c.jpg', 6),
(262, '4c4e6a24bff1474711cc41bfb79ff68a2aeb50d1', 108, 'youchCRM-7ac3ffa1fd5b2673a605e4e7d22387c9a71ab9f7.jpg', 6),
(263, '4c4e6a24bff1474711cc41bfb79ff68a2aeb50d1', 108, 'youchCRM-323201834fd4e6702a51483aec34fc7bcdffce5d.jpg', 6),
(264, 'cb8290db84061349571f9340e9f5fc45cfeec854', 109, 'youchCRM-e95b8e6f934072ecc28a926baa80c9fac3dd1d27.jpg', 6),
(265, 'cb8290db84061349571f9340e9f5fc45cfeec854', 109, 'youchCRM-e7c6181ab2e4923d0fc731974cd8fe3dedc6e118.jpg', 6),
(266, '93c5b4580199a17f9c50848f1fe216b1d5e48098', 110, 'youchCRM-a7a0ee147067528dd7a4eef7047431650737db86.jpg', 4),
(267, '93c5b4580199a17f9c50848f1fe216b1d5e48098', 110, 'youchCRM-d5fb8258d65a92692e111c4c796a3929a3e21540.jpg', 4),
(268, 'fd9d097b9529b5d6feec9bdee2bbb15152c13621', 111, 'youchCRM-99e334c728203d298637c2b0c7c7ab51d1e8e40e.jpg', 8),
(269, 'fd9d097b9529b5d6feec9bdee2bbb15152c13621', 111, 'youchCRM-6320d7acd45083e1a3975e8b81d2404f986e3439.jpg', 8),
(270, '83b86b3ef7ea4767e880224b52aea5e636d6074d', 112, 'youchCRM-0e3d089ddbd0472f6ae553c5639eb925e063b5fa.jpg', 7),
(271, '83b86b3ef7ea4767e880224b52aea5e636d6074d', 112, 'youchCRM-af3e13f31d1367be38e2340673761a7d5d77c9c7.jpg', 7),
(272, '4b8aee10ba38d2078733d0753ac6299fd0fc13fb', 113, 'youchCRM-dabded3f4df42ee92bf48abac2d9a4eabb5be5fa.jpg', 8),
(273, '4b8aee10ba38d2078733d0753ac6299fd0fc13fb', 113, 'youchCRM-1f0960de875cfa23aeea74d628094d821be10eb3.jpg', 8),
(274, '3c31d2be7f37f8777e078a9e36217ff5e943f6e7', 114, 'youchCRM-ed623bae4757dbc2ab6199f4ab42f605a974e1fc.jpg', 7),
(275, '3c31d2be7f37f8777e078a9e36217ff5e943f6e7', 114, 'youchCRM-ef1505e28dbccf3f0f09ab5f43fdc6f4805ce7bc.jpg', 7),
(276, '3c31d2be7f37f8777e078a9e36217ff5e943f6e7', 114, 'youchCRM-521249004d66d9b49a1f0effe7ffd83c4aea9538.jpg', 7),
(277, '3c31d2be7f37f8777e078a9e36217ff5e943f6e7', 114, 'youchCRM-8b9c7773107b2c20565f2b5aa3d3e0ec7023e9f0.jpg', 7),
(278, '3c31d2be7f37f8777e078a9e36217ff5e943f6e7', 114, 'youchCRM-136edeeb44fa758418abacaa10a82074428d0da8.jpg', 7),
(279, '5a1d95f107e4f309108dfb725b4d8a52ead2e769', 115, 'youchCRM-27741bf330aad269228e4c78907f2be2101a089d.jpg', 9),
(283, 'a0105d49e48015e1ce378bb9c59ed94421c22846', 116, 'youchCRM-fa5b6cd847feb06b69a3ed576b66eb4bed724266.jpg', 5),
(284, 'a0105d49e48015e1ce378bb9c59ed94421c22846', 116, 'youchCRM-a1b58d4a32ff49242cecbb98e6532438e6fb420c.jpg', 5),
(285, '80d630d633028418b30bca99542346694d205592', 117, 'youchCRM-1b0d35194beee86331ae0b9b4572291ebbe23187.jpg', 8),
(286, '80d630d633028418b30bca99542346694d205592', 117, 'youchCRM-7e51b6e114973837da1cf2f9122630d26fa9f2fc.jpg', 8),
(287, '80d630d633028418b30bca99542346694d205592', 117, 'youchCRM-90cc34ca81bbee2a03b350b413cf0795c04b9942.jpg', 8),
(288, '80d630d633028418b30bca99542346694d205592', 117, 'youchCRM-8ad3e3096da997551b458c42afb367063123695c.jpg', 8),
(289, 'e13e1b1338624f1093b4b6e3f337a63a21f3e67d', 118, 'youchCRM-f932f4321caf6e576ec2bc949ba2937f334fe686.jpg', 8),
(290, 'e13e1b1338624f1093b4b6e3f337a63a21f3e67d', 118, 'youchCRM-3c581dc059d9cb504b13dc1d68aef6a8a4d1260d.jpg', 8),
(291, 'e13e1b1338624f1093b4b6e3f337a63a21f3e67d', 118, 'youchCRM-dfa1480a38f3d906fa3f2f01f13e3937b5d1b43f.jpg', 8),
(292, 'e13e1b1338624f1093b4b6e3f337a63a21f3e67d', 118, 'youchCRM-fddc1b0160606f64aa68258488eb9e88f20a73bc.jpg', 8),
(293, '45b10c4d3e48bc599f620f201bf10061983df41c', 119, 'youchCRM-9c5d1af8dfa9cead7199120e55f93ce76cf6aa85.jpg', 8),
(294, '45b10c4d3e48bc599f620f201bf10061983df41c', 119, 'youchCRM-f033d3563aa0f60245f800d3b133c918d2cf5602.jpg', 8),
(295, '2c8abb8c54baec5c722d9b3e9b9f0071b63e9782', 120, 'youchCRM-ff2ab99d33b83ed8eed4128f182e8de519b5aed8.jpg', 9),
(296, '944cc699b12d3cc04832e9d9e8dfa8b8e062b3fd', 121, 'youchCRM-7cc6dbeb265d088a4922566e579f55c50b74045a.jpg', 8),
(297, '944cc699b12d3cc04832e9d9e8dfa8b8e062b3fd', 121, 'youchCRM-e5486dcb1874f9a637f83f4f199a1903ab87ebd0.jpg', 8),
(298, 'f370cb1a7df6e05c64ba52e6a2095d41a9290149', 122, 'youchCRM-0869f7d74868365c35bee78a997b47e9b2d722d1.jpg', 9),
(299, '88d52716b114b58ed626e0ee610a011049253db2', 123, 'youchCRM-a20b3fbe867f191ca7760ea2da1b278d183e4429.jpg', 5),
(300, '88d52716b114b58ed626e0ee610a011049253db2', 123, 'youchCRM-bc3a971e39d0656664f4a35a56e06f88804b1196.jpg', 5),
(301, '88d52716b114b58ed626e0ee610a011049253db2', 123, 'youchCRM-09df640a9542f52a7782390e23f0eadb1eac3063.jpg', 5),
(302, '88d52716b114b58ed626e0ee610a011049253db2', 123, 'youchCRM-fed9909484f8717ac8039070f5fca68a19e6b7fd.jpg', 5),
(303, '1a131bb6d8cda1da8b746712d2b83664bc3df22e', 124, 'youchCRM-f0b962d77329f3a41d0325539200b7a13e933adf.jpg', 8),
(304, '1a131bb6d8cda1da8b746712d2b83664bc3df22e', 124, 'youchCRM-1ea4313eba954c27a24a8405390862a487b6f6ee.jpg', 8),
(305, 'c9269839a3e46a4328f7474b8064e8bc32f9f0aa', 125, 'youchCRM-f8fcac0af27b6793f91f2b83f0ff3ae93ab2095e.jpg', 8),
(306, 'c9269839a3e46a4328f7474b8064e8bc32f9f0aa', 125, 'youchCRM-58381450514763887114e9ee3a59c80bb7a259e4.jpg', 8),
(307, '27278187154db82dda1f27ee4c6e31f06e9c2b90', 126, 'youchCRM-79aff697b93ab268ced0eba64ce46cfc44d36f86.jpg', 8),
(308, '27278187154db82dda1f27ee4c6e31f06e9c2b90', 126, 'youchCRM-6c73e9805e931eca27f78a41a57b4f946be2a0f8.jpg', 8),
(309, '2f1e2a5fb6cdaf6b64be7cefdefc9305e2c4c700', 127, 'youchCRM-04fb210c467da4b8abf1bc60cb443474a3ef0183.jpg', 8),
(310, '2f1e2a5fb6cdaf6b64be7cefdefc9305e2c4c700', 127, 'youchCRM-8eb6da41eeb1106d2bc168d751489002a2fc4ae8.jpg', 8),
(311, '2827ed57fe7266d78dead1752ae5ed4c629dc55b', 128, 'youchCRM-c8c82b767d2e25264c004259cba24a442b1aec6d.jpg', 5),
(312, '2827ed57fe7266d78dead1752ae5ed4c629dc55b', 128, 'youchCRM-40157ff7088658542ba5ea493565e58c95d81b5c.jpg', 5),
(313, 'd9609334fa6b428e1ec46a82b3863ef18cb4926e', 129, 'youchCRM-e908e4398e9b1ea3a172ce53a496b900bb0015f9.jpg', 5),
(314, 'd9609334fa6b428e1ec46a82b3863ef18cb4926e', 129, 'youchCRM-1a3dfd7e600918ad122814c5b5348066442afd6a.jpg', 5),
(315, '87fbd62690523a7d67f77f83848feb1f47b8a179', 130, 'youchCRM-ca5c4aed500e544dbc51fb87a0bffded5308f3f2.jpg', 8),
(316, '87fbd62690523a7d67f77f83848feb1f47b8a179', 130, 'youchCRM-2262488c8393d7fba0af7d9286ae807e0414f15a.jpg', 8),
(317, '33b96cddfed598d65679dab0799a4cc9a34f9936', 131, 'youchCRM-81c82e058ef7954196267029b0f611ba5e1e987b.jpg', 8),
(318, '33b96cddfed598d65679dab0799a4cc9a34f9936', 131, 'youchCRM-d75f83f0f6fba2f56247e0a715712c8fb5c25d0b.jpg', 8),
(319, 'fb56dc272b04a00cf4624f15ce969eb198e480c6', 132, 'youchCRM-c9387e924c41cd6021873f773256980cf94f8118.jpg', 5),
(320, 'fb56dc272b04a00cf4624f15ce969eb198e480c6', 132, 'youchCRM-cff3d0c82eb6045742a0002c101e7dd7b6d9226d.jpg', 5),
(321, 'fb56dc272b04a00cf4624f15ce969eb198e480c6', 132, 'youchCRM-911fef7b011c649c31ac7b548293a247ab576c55.jpg', 5),
(322, 'fb56dc272b04a00cf4624f15ce969eb198e480c6', 132, 'youchCRM-13c5a0e024890c4808577edaefd6b4d084ac6611.jpg', 5),
(323, 'def9aa70014f12d4c669d0c8cb0a5f41989b1193', 133, 'youchCRM-d2bf0101d331e8192d8f76f7626a527e75f2f9dc.jpg', 8),
(324, 'def9aa70014f12d4c669d0c8cb0a5f41989b1193', 133, 'youchCRM-25fd049e8fa2dda466da8fb8dfb12941a3d29b48.jpg', 8),
(325, '127adb9274f33d639b821bac484743e72551dcb9', 134, 'youchCRM-553ad0ba30506bdaefca94b4c6336ea7a9229ebc.jpg', 8),
(326, '127adb9274f33d639b821bac484743e72551dcb9', 134, 'youchCRM-ca53cabe20a0994e98659b59e2686049f7c477d5.jpg', 8),
(327, 'e9cdcf852557d0a4d145500fbe6a7fc8211bc367', 135, 'youchCRM-e8a595cbea4787b2290ad65022411905fa4a1219.jpg', 8),
(328, 'e9cdcf852557d0a4d145500fbe6a7fc8211bc367', 135, 'youchCRM-5c43b8716b33634460948eb17501d189906b66e6.jpg', 8),
(329, 'bb872e536bdffd6099f7c8ac948e2a8745509b3f', 136, 'youchCRM-f2b78bc1fda7bacbad8acc54ebb479f39a59fa44.jpg', 8),
(330, 'bb872e536bdffd6099f7c8ac948e2a8745509b3f', 136, 'youchCRM-cc60edb902649a01112d3f9d2b8a3832e7db5600.jpg', 8),
(331, 'ecc0a123b40cfd3051d8f6c5d1a46ac587f625a2', 137, 'youchCRM-1436774c2bf1db58117bdaaf5e4755b8c574516c.jpg', 8),
(332, 'ecc0a123b40cfd3051d8f6c5d1a46ac587f625a2', 137, 'youchCRM-38c014a03015f2462d40360dd3503a6c023e47a3.jpg', 8),
(333, '5be747f90df24192742a285dad2adac305795bab', 138, 'youchCRM-d1ce8a74b15bc47008aba45593d93543eb3f924a.jpg', 5),
(334, '5be747f90df24192742a285dad2adac305795bab', 138, 'youchCRM-a1e87105bd2c902881d50660eba29b7b456ab3b0.jpg', 5),
(335, 'c70b5e067b0f72b0b0e4af7a5876b8f25c291cf3', 139, 'youchCRM-a30d039c88a9efa11f7996ca6833307c148819ca.jpg', 5),
(336, 'c70b5e067b0f72b0b0e4af7a5876b8f25c291cf3', 139, 'youchCRM-1ee853306af15e931e02c433622d2e17d44aad32.jpg', 5),
(337, '614cfcd5c47dde00c1dd924cd4c4b5520124ee0c', 140, 'youchCRM-5eafc67cebda641d9b026e735a2569bbb1bccc48.jpg', 5),
(338, '614cfcd5c47dde00c1dd924cd4c4b5520124ee0c', 140, 'youchCRM-769b47035e293ad3b40598e359f401aa8f8b92d9.jpg', 5),
(339, '62fbcc7e5819ead4230946d2effbd8e1f65336d0', 141, 'youchCRM-725ca66662f053623f377adc8ac9e4bb01dd9a6f.jpg', 5),
(340, '62fbcc7e5819ead4230946d2effbd8e1f65336d0', 141, 'youchCRM-49000334ed8e6f42aa12b7f2a515de476edbd955.jpg', 5),
(341, '57cc06eda0ee6fd074ee118b4bb34aa90cd7da7c', 142, 'youchCRM-6458ce8bdd64939c295f3b910e71be307cd53d52.jpg', 5),
(342, '57cc06eda0ee6fd074ee118b4bb34aa90cd7da7c', 142, 'youchCRM-20199c8379f80369c147d5b3cdd6c159ed71b7a8.jpg', 5),
(343, 'b6e4bf1e77dfdcd105d24bcd25730e568af37a1b', 143, 'youchCRM-3576bb5b2627d1f3696f0262b53557cf60db694a.jpg', 8),
(344, 'b6e4bf1e77dfdcd105d24bcd25730e568af37a1b', 143, 'youchCRM-b50a8a2680cce488a2ae13d9e7fa04f2c70adb24.jpg', 8),
(345, '5a66c42c2487917df87600f40277eb5dc2b3ea97', 144, 'youchCRM-65e7147f0a0385d1955bb0dcf98d796c9b4f6b13.jpg', 8),
(346, '5a66c42c2487917df87600f40277eb5dc2b3ea97', 144, 'youchCRM-962da30197df3b9bbb5b1751f0edf4f09bd2385a.jpg', 8),
(347, 'b4f7cebf9106ee4254ea292c1e09753c708c36c4', 145, 'youchCRM-fcb30fb474c94485bb26523cd059e21bbca4e6fc.jpg', 8),
(348, 'b4f7cebf9106ee4254ea292c1e09753c708c36c4', 145, 'youchCRM-d694105fc58cbcd98691fa48632f3470a531ff89.jpg', 8),
(349, 'b4f7cebf9106ee4254ea292c1e09753c708c36c4', 145, 'youchCRM-9688768dfde065c1fb8219b83de08e4fb2c3b234.jpg', 8),
(350, 'b4f7cebf9106ee4254ea292c1e09753c708c36c4', 145, 'youchCRM-25a66e5d3f365268cfd3c4ebd01096962e05a8d9.jpg', 8),
(351, 'fd0d53daf7b2e529eae2469f352fc78e8ac4e9c7', 146, 'youchCRM-c58c174f1638b505140ef545ebc38873477cf504.jpg', 8),
(352, 'fd0d53daf7b2e529eae2469f352fc78e8ac4e9c7', 146, 'youchCRM-298e57fd88fdbb11016c4f8ca1e818ef43ccd18e.jpg', 8),
(353, 'dd86ff72eec3e251ab1751ec114bbc31870e82bb', 147, 'youchCRM-eac0b8196cec18ab7c71e45c7cd077a285566107.jpg', 8),
(354, 'dd86ff72eec3e251ab1751ec114bbc31870e82bb', 147, 'youchCRM-da42f910afce31256c97acc8a682451434e75a27.jpg', 8),
(355, '2358c0b330b1cd264eb38cd3c25da8052ae7dbbf', 148, 'youchCRM-d04eafcea81497204d9889ebf19baebb6f34332a.jpg', 8),
(356, '2358c0b330b1cd264eb38cd3c25da8052ae7dbbf', 148, 'youchCRM-d69b6705cc24e26b0cc128189d8a4177ad9d118a.jpg', 8),
(357, 'b01f574988aa848029635e81631ee7c5e944b750', 149, 'youchCRM-52d31d15b2db9eda3ec76b257e524db4c2b470b8.jpg', 8),
(360, '1d1bf61568ed4c1c9773709a4d985b5d7cdd93ba', 152, 'youchCRM-f257a7dd359840c4c8cd3608807033b37a18b9bd.jpg', 8),
(361, '7d3031887f551b2236c688e573c2adb6af2660ca', 153, 'youchCRM-2ee8dacfdd290651d0ad683550da109ed20f5c7c.jpg', 8),
(362, '5746f0b8799a73f667933e380a146d33bdcaae21', 154, 'youchCRM-530ac3c758fdf9b4b76635ba9ada39651dcf5091.jpg', 6),
(363, '5746f0b8799a73f667933e380a146d33bdcaae21', 154, 'youchCRM-1c184f7fa35f02750996861e377f6b4731ad6895.jpg', 6),
(364, 'f205ba766bc7dbb479a36c1af27c8968941ac1ea', 155, 'youchCRM-89388af7d3cace3475b88d631a2187c5315aa5a9.jpg', 6),
(365, 'f205ba766bc7dbb479a36c1af27c8968941ac1ea', 155, 'youchCRM-a83e9c9303905a2b13161f3712206b4b72921334.jpg', 6),
(366, '1d219483ac3eab3d82a14ae0a3374c37c9a00a60', 0, 'youchCRM-dbf432945e7bf2d14727ebb3c6141d9db52c2050.jpg', 6),
(367, '9d676b7c9208a68880dbbe3f1d2ff5a7d589103e', 0, 'youchCRM-6cc0e571caea45075756d18751e5f2a08ff9c5e8.jpg', 6),
(368, 'a811232307bdad9d5f12a6dc6954660719b7c8fb', 156, 'youchCRM-20444eee7e168fe850bf8d8c17722cbfa22c7ee4.jpg', 6),
(369, 'a811232307bdad9d5f12a6dc6954660719b7c8fb', 156, 'youchCRM-43df3741bc55f4c6b17d01985cd31577becdf95d.jpg', 6),
(370, 'a811232307bdad9d5f12a6dc6954660719b7c8fb', 156, 'youchCRM-3bcf084d43f967a1b81737e8777c79ec49622338.jpg', 6),
(372, 'faed9b02c939e7845779a144b1c502ef13ce28e3', 158, 'youchCRM-289519c2a5105a6810d67cbc4e364603a989f84b.jpg', 8),
(373, 'faed9b02c939e7845779a144b1c502ef13ce28e3', 158, 'youchCRM-d3454fb83a3a769c415128e994846046f14195d6.jpg', 8),
(374, '316bc3e5e032dfe609f0d979f96226b846e3aa08', 159, 'youchCRM-3e710bae43318e001793784e2cbcb0d995fc8477.jpg', 5),
(375, '316bc3e5e032dfe609f0d979f96226b846e3aa08', 159, 'youchCRM-457c69beb9988e83879340cf785e2b35b1c4fa83.jpg', 5),
(376, 'ae39458a45081cb1866d325d96129c461d1c11e6', 0, 'youchCRM-f56973cea2764fac65abcf91a978a6c99ed594f1.jpg', 4),
(377, '4c3c8499877f7749c71dbaa5cd7fb1cd37a6e639', 160, 'youchCRM-135158c770c7c6f4f836f75915da2c2f9eb9f181.jpg', 4),
(378, 'ddc9feec16c64f695cb5fb5e515ea3ee9f9fd2e7', 0, 'youchCRM-3d14d2a4617f6d08f4085dac33d0650812a38726.jpg', 4),
(379, 'b1193226dfd0739f63dead78ae91bc292f883170', 161, 'youchCRM-df997b9570e31cd6fb52c48bdd951f2fe066f65b.jpg', 4),
(380, '18603bd1a7748e372d8a8911f757332558fa4387', 162, 'youchCRM-9b735ef6098244b5e08b5f1f7bd0815a620efc9e.jpg', 4),
(381, 'a39ac38d056dcee5f75970052422d8f204543d6e', 0, 'youchCRM-1b1e068fe3672c67f55cf1570ba1475301750645.jpg', 4),
(382, '163', 163, 'youchCRM-58c22a5744eb90123be5bbea92d5bdb6b2f9f762.jpg', 8),
(383, 'dfeec7ba4c91c6f4a73d0691072ff24d5db5702d', 166, 'youchCRM-e38ab8d0a7ac358de44d9e1d304965fa7abb97c6.jpg', 9),
(384, 'dfeec7ba4c91c6f4a73d0691072ff24d5db5702d', 166, 'youchCRM-441585b49b9c3c9c9535fd39b43f81ca8773ab26.jpg', 9),
(387, '0f499cc32c63e105b82b3e538b4ef44eb0e888a7', 168, 'youchCRM-650a5cbae72e91ddc1216425d51729aeb6f55c59.jpg', 9),
(388, '0f499cc32c63e105b82b3e538b4ef44eb0e888a7', 168, 'youchCRM-60109592949f47e90180659becd3c2aadb6aca4c.jpg', 9),
(393, '0x146DE90932e6902a9bC487403Bf0d726B412c8B9', 210, 'youchCRM-2714d1105a42a4534e47694c839ebb571409edc3.jpg', 9),
(394, '0x146DE90932e6902a9bC487403Bf0d726B412c8B9', 210, 'youchCRM-d4ed5175c293d8722d26e50cc413f4cefd25a110.jpg', 9),
(395, '0x146DE90932e6902a9bC487403Bf0d726B412c8B9', 210, 'youchCRM-c1bb2d0d9f80cbabb5332fd3fdaea65ab62e97ae.jpg', 9),
(400, '0b6c50879239214e6e56423f6177063a23aaf005', 176, 'youchCRM-307984a18cc0890d0adb69d430b94128b2e4232b.jpg', 9),
(402, '0x146DE90932e6902a9bC487403Bf0d726B412c8B9', 210, 'youchCRM-32826a36af334fa954b7f5eee5481d5818c7f561.jpg', 9),
(403, '0x146DE90932e6902a9bC487403Bf0d726B412c8B9', 210, 'youchCRM-6b83ef870fb0085ebb1531142218515ef7201484.jpg', 9),
(405, '0x146DE90932e6902a9bC487403Bf0d726B412c8B9', 210, 'youchCRM-f6442db1ab2656adb8905d7c72b41a373a5b8ed3.jpg', 9),
(406, '0x146DE90932e6902a9bC487403Bf0d726B412c8B9', 210, 'youchCRM-2c91a3f2f59dac7f6a521e075a758f6e8a4ce08d.jpg', 9),
(407, '0b6c50879239214e6e56423f6177063a23aaf005', 176, 'youchCRM-2fea0112aeae08f62cf49964466d770dbcd069ae.jpg', 9),
(408, '0b6c50879239214e6e56423f6177063a23aaf005', 176, 'youchCRM-e4ae921dfa0d93984fedc61e39e633790f87a0ae.jpg', 9),
(409, '174', 174, 'youchCRM-3627962620c16d01a0ee0a3f52868d981e9264ea.jpg', 9),
(410, '174', 174, 'youchCRM-7defb41f42bf7234f7b7fa0661a6cae81cc0bed5.jpg', 9),
(459, 'a5495da59e42de90f506455ef8d8ef5bb53f139c', 202, 'youchCRM-1e0eb9e307f393be7b607be508dcabcb84a7c785.jpg', 9),
(460, 'a5495da59e42de90f506455ef8d8ef5bb53f139c', 202, 'youchCRM-12b628f1c3c8bba009ff365c7dd605c2006082a0.jpg', 9),
(461, 'a5495da59e42de90f506455ef8d8ef5bb53f139c', 202, 'youchCRM-fb063900f6073f98be4213148b4afca882de28a7.jpg', 9),
(470, '0x146DE90932e6902a9bC487403Bf0d726B412c8B9', 210, 'youchCRM-79b10d7e18d5cab47492c62fa169c302830599aa.jpg', 9),
(471, '0x146DE90932e6902a9bC487403Bf0d726B412c8B9', 210, 'youchCRM-68ce6cb158fbb2651fd3708391b8e77bd1640918.jpg', 9),
(480, '0x146DE90932e6902a9bC487403Bf0d726B412c8B9', 210, 'youchCRM-8e624830879df7d1a977744ba0a7154024766e64.jpg', 9),
(481, '0x146DE90932e6902a9bC487403Bf0d726B412c8B9', 210, 'youchCRM-b62374682691841d4323757236101207347b1695.jpg', 9),
(485, '210a6e85e125bd090fa0e243b25b30fb5bfe97b3', 212, 'youchCRM-cd832a5c7ecc4f54e6e3b9d48e8e96a069795aba.jpg', 9),
(486, '210a6e85e125bd090fa0e243b25b30fb5bfe97b3', 212, 'youchCRM-62f43473ccc0cc9e47428dccf15dffb466378b46.jpg', 9),
(487, '210a6e85e125bd090fa0e243b25b30fb5bfe97b3', 212, 'youchCRM-54ee7c1294e1c2446416e3a61a48e92824d080ed.jpg', 9),
(491, '214', 214, 'youchCRM-13546c9a88c009c2ff6e08666e81a8276d55ff6d.jpg', 9),
(492, '214', 214, 'youchCRM-aa0dc5481a333dba64cd15299778f8d1e0503678.jpg', 9),
(572, 'b38e47978c82354cd78bb02fcc2e6b3296173de5', 244, 'youchCRM-957e6b4d62422d385458b4e9b6570a02b9ef146e.jpg', 9),
(573, 'b38e47978c82354cd78bb02fcc2e6b3296173de5', 244, 'youchCRM-1d13d93fcd01b32b94efbe67ea99e2ab792ed829.jpg', 9),
(574, 'b38e47978c82354cd78bb02fcc2e6b3296173de5', 244, 'youchCRM-2cea4d933694feeb9350382873b202b1e83a38ee.jpg', 9),
(579, 'a3e26ef8872684c52d8d690ca83c78ff72b28f14', 247, 'youchCRM-efabae0e4d1bfd5d46ee4414f01d5d2440f5cede.jpg', 9),
(580, 'a3e26ef8872684c52d8d690ca83c78ff72b28f14', 247, 'youchCRM-01c876a928d3f0492a7c31b07eff7e6da4ad2c40.jpg', 9),
(581, 'a3e26ef8872684c52d8d690ca83c78ff72b28f14', 247, 'youchCRM-1f0806c6e41ec82c69df3f83df01e711a81dc108.jpg', 9),
(597, '251', 251, 'youchCRM-07d2769aaf4369b24a32a8a5ac06937737dd4b15.jpg', 9),
(598, '251', 251, 'youchCRM-32f9b8c68729c3809959b77d34543e27384d01b7.jpg', 9),
(614, 'de11286ed7242456159170acf1471a932bf6d56a', 259, 'youchCRM-c33a88bdb2cbcd9982d254bfa0ba0aed8eef1ddb.jpg', 5),
(615, 'de11286ed7242456159170acf1471a932bf6d56a', 259, 'youchCRM-5debc3707fb38eaa4d8604fa818700ab49853e4a.jpg', 5),
(616, '1f04a90bb267cf89cedf76826b2f442bea2a44ec', 260, 'youchCRM-a3cc656eed7e41b95e37f0edf5157f761eb30cb1.jpg', 5),
(617, '1f04a90bb267cf89cedf76826b2f442bea2a44ec', 260, 'youchCRM-13dcb801c358af1b6b653c5a8defc13bde9e0fdc.jpg', 5),
(618, '20814675234d7c423f4348af1c112fb451a1e538', 261, 'youchCRM-3b65626c396dff1ee7048fafcbb6f4302de76c86.jpg', 5),
(619, '20814675234d7c423f4348af1c112fb451a1e538', 261, 'youchCRM-a1dc89575cd7de0537d07e1319c7a8c2473d6fd0.jpg', 5),
(620, '30f7f11bcba1f52187d69cb6d8be3fc24a007cef', 262, 'youchCRM-da85dc68bf532caa773351ec86f198e7bab4a202.jpg', 9),
(621, '30f7f11bcba1f52187d69cb6d8be3fc24a007cef', 262, 'youchCRM-85f1b56fe21cd5026501f1168b3fff3c1e5e9b9b.jpg', 9),
(624, '263', 263, 'youchCRM-6c5bdad22866053da0ab1dabcc7938e279caddcb.jpg', 9),
(627, '263', 263, 'youchCRM-f90cf02dad547bf14c72b70b3a0a9d3ca98f3e5c.jpg', 9),
(628, '263', 263, 'youchCRM-61e992a4c953c7212436dfd9033942f03276d55e.jpg', 9),
(629, '40d9157be955a65d320e75f9de5ce6dad62409f1', 265, 'youchCRM-79448f99766fe665b41a34a8ff2fc263ded469b2.jpg', 9),
(630, '40d9157be955a65d320e75f9de5ce6dad62409f1', 265, 'youchCRM-d9a70298a5072fda35b483f2a437c1ef64245c82.jpg', 9),
(635, '0x4250664134d48E35f5Bd3bae4521D77ef3b504a0', 268, 'youchCRM-ff13fedeaa4ecc2c039ee16dca9909abc89940f2.jpg', 9),
(636, '0x4250664134d48E35f5Bd3bae4521D77ef3b504a0', 268, 'youchCRM-123b8347af7ed00f183ffdfac40a02e0fd4d752e.jpg', 9),
(637, '185', 185, 'youchCRM-043830b4709e44d03ff502cb1eef33fdc1a219cc.jpg', 9),
(638, '185', 185, 'youchCRM-ebedf8c8ddbfe4d0a4562250f7eb7102bff28af8.jpg', 9),
(639, '115', 115, 'youchCRM-67f1953638f5cea5b25f2124317c2c674efe02d4.jpg', 9),
(640, '115', 115, 'youchCRM-3b372da7c8bc9e921e9274e4cfe752550133e14c.jpg', 9),
(641, '115', 115, 'youchCRM-4f802c13c41f49738b750e6bb5f12283d978776e.jpg', 9);

-- --------------------------------------------------------

--
-- Структура таблицы `orders`
--

CREATE TABLE IF NOT EXISTS `orders` (
  `id` int(11) NOT NULL,
  `car` int(11) NOT NULL,
  `client` int(11) NOT NULL,
  `date_from` varchar(255) NOT NULL,
  `date_till` varchar(255) NOT NULL,
  `status` int(1) NOT NULL DEFAULT '1',
  `owner` int(11) NOT NULL,
  `place` varchar(500) NOT NULL,
  `price` varchar(255) NOT NULL,
  `assessed_price` varchar(255) NOT NULL,
  `rent_period` varchar(255) NOT NULL,
  `fact_return_date` varchar(255) NOT NULL,
  `fact_return_place` varchar(255) NOT NULL,
  `people_allowed` text NOT NULL,
  `insurance_deposit` varchar(255) NOT NULL,
  `full_price` varchar(255) NOT NULL,
  `full_price_off` varchar(255) NOT NULL
) ENGINE=InnoDB AUTO_INCREMENT=201 DEFAULT CHARSET=utf8;

--
-- Дамп данных таблицы `orders`
--

INSERT INTO `orders` (`id`, `car`, `client`, `date_from`, `date_till`, `status`, `owner`, `place`, `price`, `assessed_price`, `rent_period`, `fact_return_date`, `fact_return_place`, `people_allowed`, `insurance_deposit`, `full_price`, `full_price_off`) VALUES
(22, 30, 14, '17.05.2017. Время: 14:00', '18.05.2017. Время: 14:00', 0, 4, 'Место 5', '1500', '', '', '', '', '', '', '', ''),
(23, 7, 16, '17.05.2017. Время: 11:50', '20.05.2017. Время: 15:50', 0, 4, 'ул. Карабельная набережная 1', '1500', '', '', '', '', '', '', '', ''),
(24, 7, 16, '18.05.2017. Время: 15:50', '24.05.2017. Время: 19:50', 0, 4, 'ул. Карабельная набережная 1', '15000', '', '', '', '', '', '', '', ''),
(25, 16, 16, '27.05.2017. Время: 19:50', '31.05.2017. Время: 15:50', 0, 4, 'ул. Карабельная набережная 1', '1500', '', '', '', '', '', '', '', ''),
(26, 16, 16, '25.05.2017. Время: 19:50', '26.05.2017. Время: 15:50', 0, 4, 'ул. Карабельная набережная 1', '1500', '', '', '', '', '', '', '', ''),
(27, 19, 16, '26.05.2017. Время: 17:50', '18.05.2017. Время: 10:50', 0, 4, '123', '1000', '', '', '', '', '', '', '', ''),
(28, 28, 16, '24.05.2017. Время: 16:50', '31.05.2017. Время: 21:50', 0, 4, 'ул. Корабельная набережная, 1', '1500', '', '', '', '', '', '', '', ''),
(29, 29, 17, '27.05.2017. Время: 14:50', '31.05.2017. Время: 21:50', 0, 4, 'ул. Корабельная набережная, 1', '1500', '', '', '', '', '', '', '', ''),
(30, 7, 17, '', '', 1, 7, 'ул. Жигура 2 б стр.2', '2000', '', '', '', '', '', '', '', ''),
(31, 13, 19, '24.05.2017. Время: 11:20', '', 0, 6, 'ул. Всеволода Сибирцева 88 ст2', '1500', '', '', '', '', '', '', '', ''),
(32, 25, 20, '02.06.2017. Время: 19:10', '', 0, 6, 'ул. Всеволода Сибирцева 88 ст2', '8000', '', '', '', '', '', '', '', ''),
(33, 7, 20, '18.06.2017. Время: 11:30', '', 0, 6, 'ул. Всеволода Сибирцева 88 ст2', '2000', '', '', '', '', '', '', '', ''),
(34, 15, 20, '18.06.2017. Время: 12:50', '', 0, 6, 'ул. Всеволода Сибирцева 88 ст2', '1000', '', '', '', '', '', '', '', ''),
(35, 28, 22, '20.06.2017. Время: 17:45', '', 0, 6, 'ул. Всеволода Сибирцева 88 ст2', '3000', '', '', '', '', '', '', '', ''),
(36, 7, 20, '22.06.2017. Время: 15:40', '', 0, 6, 'ул. Всеволода Сибирцева 88 ст2', '2000', '', '', '', '', '', '', '', ''),
(37, 89, 28, '22.06.2017. Время: 10:50', '', 0, 6, 'ул. Всеволода Сибирцева 88 ст2', '3000', '', '', '', '', '', '', '', ''),
(38, 118, 29, '22.07.2017. Время: 10:30', '', 0, 8, 'ул. Трамвайная 16', '4000', '', '', '', '', '', '', '', ''),
(39, 8, 31, '22.06.2017. Время: 11:14', '25.06.2017. Время: 11:10', 0, 11, 'черемушки', '1300', '', '', '', '', '', '', '', ''),
(40, 121, 33, '22.06.2017. Время: 12:00', '24.06.2017. Время: 12:00', 0, 11, 'Черемушки', '2000', '', '', '', '', '', '', '', ''),
(41, 87, 34, '05.06.2017. Время: 16:00', '19.06.2017. Время: 20:00', 0, 5, 'Крылова 10/1', '2000', '', '', '', '', '', '', '', ''),
(42, 87, 35, '02.06.2017. Время: 14:30', '03.06.2017. Время: 10:30', 0, 5, 'Крылова 10/1', '2300', '', '', '', '', '', '', '', ''),
(43, 87, 35, '20.06.2017. Время: 11:30', '22.06.2017. Время: 11:00', 0, 5, 'Крылова 10/1', '2000', '', '', '', '', '', '', '', ''),
(44, 44, 37, '21.06.2017. Время: 15:30', '24.06.2017. Время: 15:30', 0, 9, 'ул. Бородинская, 46, корп. 1', '1300', '', '', '', '', '', '', '', ''),
(45, 59, 20, '27.06.2017. Время: 10:40', '', 0, 6, 'ул. Всеволода Сибирцева 88 ст2', '2000', '', '', '', '', '', '', '', ''),
(46, 79, 39, '20.06.2017. Время: 13:00', '27.06.2017. Время: 10:00', 0, 5, 'Крылова 10/1', '1000', '', '', '', '', '', '', '', ''),
(47, 79, 40, '27.06.2017. Время: 13:00', '29.06.2017. Время: 18:30', 0, 5, 'Крылова 10/1', '1500', '', '', '', '', '', '', '', ''),
(48, 63, 43, '11.07.2017. Время: 10:00', '', 0, 5, 'Крылова 10/1', '1000', '', '', '', '', '', '', '', ''),
(49, 127, 44, '11.07.2017. Время: 14:00', '', 0, 5, 'Крылова 10/1', '1500', '', '', '', '', '', '', '', ''),
(50, 124, 46, '04.10.2017. Время: 10:00', '04.10.2017. Время: 19:00', 0, 5, 'Крылова 10/1', '6000', '', '', '', '', '', '', '', ''),
(51, 33, 47, '04.10.2017. Время: 12:30', '06.10.2017. Время: 12:30', 0, 5, 'Крылова 10/1', '1500', '', '', '', '', '', '', '', ''),
(52, 56, 49, '22.09.2017. Время: 14:50', '30.09.2017. Время: 14:40', 0, 5, 'Крылова 10/1', '1500', '', '', '', '', '', '', '', ''),
(53, 5, 51, '06.10.2017. Время: 15:00', '', 0, 5, 'Крылова 10/1', '3000', '', '', '', '', '', '', '', ''),
(54, 46, 52, '09.10.2017. Время: 16:30', '', 0, 5, 'Крылова 10/1', '1500', '', '', '', '', '', '', '', ''),
(55, 130, 54, '01.10.2017. Время: 13:20', '03.10.2017. Время: 11:20', 0, 5, 'Крылова 10/1', '2000', '', '', '', '', '', '', '', ''),
(56, 110, 54, '10.10.2017. Время: 10:00', '', 0, 5, 'Крылова 10/1', '2000', '', '', '', '', '', '', '', ''),
(57, 131, 50, '05.10.2017. Время: 10:00', '07.10.2017. Время: 09:00', 0, 5, 'Крылова 10/1', '2500', '', '', '', '', '', '', '', ''),
(58, 132, 55, '31.08.2017. Время: 19:00', '', 0, 5, 'Крылова 10/1', '1000', '', '', '', '', '', '', '', ''),
(59, 133, 56, '29.09.2017. Время: 16:00', '', 0, 5, 'Крылова 10/1', '1000', '', '', '', '', '', '', '', ''),
(60, 15, 57, '10.10.2017. Время: 17:00', '', 0, 5, 'Крылова 10/1', '2000', '', '', '', '', '', '', '', ''),
(61, 110, 58, '17.08.2017. Время: 17:30', '21.08.2017. Время: 17:30', 0, 5, 'Крылова 10/1', '2000', '', '', '', '', '', '', '', ''),
(62, 134, 59, '06.10.2017. Время: 13:00', '08.10.2017. Время: 13:00', 0, 5, 'Крылова 10/1', '2500', '', '', '', '', '', '', '', ''),
(63, 90, 60, '11.10.2017', '', 0, 8, 'ул. Трамвайная 16', '1500', '', '', '', '', '', '', '', ''),
(64, 90, 61, '12.10.2017. Время: 10:24', '', 0, 8, 'ул. Трамвайная 16', '1500', '', '', '', '', '', '', '', ''),
(65, 135, 62, '12.10.2017. Время: 12:30', '13.10.2017. Время: 12:30', 0, 5, 'Крылова 10/1', '2000', '', '', '', '', '', '', '', ''),
(66, 136, 63, '13.10.2017. Время: 12:40', '', 0, 8, 'ул. Трамвайная 16', '2000', '', '', '', '', '', '', '', ''),
(67, 137, 64, '13.10.2017. Время: 15:37', '', 0, 8, 'ул. Трамвайная 16', '3000', '', '', '', '', '', '', '', ''),
(68, 62, 65, '12.10.2017. Время: 14:00', '13.10.2017. Время: 18:00', 0, 5, 'Крылова 10/1', '1000', '', '', '', '', '', '', '', ''),
(69, 110, 66, '13.10.2017. Время: 16:20', '', 0, 5, 'Крылова 10/1', '2000', '', '', '', '', '', '', '', ''),
(70, 44, 67, '13.10.2017. Время: 16:35', '', 0, 8, 'ул. Трамвайная 16', '1500', '', '', '', '', '', '', '', ''),
(71, 87, 54, '14.10.2017. Время: 11:30', '17.10.2017. Время: 11:30', 0, 5, 'Крылова 10/1', '2000', '', '', '', '', '', '', '', ''),
(72, 72, 68, '14.10.2017. Время: 11:00', '16.10.2017. Время: 11:00', 0, 5, 'Крылова 10/1', '4500', '', '', '', '', '', '', '', ''),
(73, 67, 69, '13.10.2017. Время: 19:00', '15.10.2017. Время: 18:00', 0, 5, 'Крылова 10/1', '2500', '', '', '', '', '', '', '', ''),
(74, 90, 70, '14.10.2017. Время: 13:41', '', 0, 8, 'ул. Трамвайная 16', '1500', '', '', '', '', '', '', '', ''),
(75, 62, 71, '15.10.2017. Время: 11:00', '', 0, 5, 'Крылова 10/1', '1200', '', '', '', '', '', '', '', ''),
(76, 127, 72, '15.10.2017. Время: 18:00', '', 0, 5, 'Крылова 10/1', '1500', '', '', '', '', '', '', '', ''),
(77, 33, 73, '12.10.2017. Время: 11:30', '', 0, 5, 'Крылова 10/1', '1100', '', '', '', '', '', '', '', ''),
(78, 67, 69, '16.10.2017. Время: 18:00', '', 0, 5, 'Крылова 10/1', '2000', '', '', '', '', '', '', '', ''),
(79, 138, 56, '15.10.2017. Время: 13:00', '', 0, 5, 'Крылова 10/1', '1000', '', '', '', '', '', '', '', ''),
(80, 67, 75, '21.07.2017. Время: 18:00', '15.09.2017. Время: 15:30', 0, 5, 'Крылова 10/1', '2000', '', '', '', '', '', '', '', ''),
(81, 139, 76, '29.07.2017. Время: 12:00', '12.08.2017. Время: 12:00', 0, 5, 'Крылова 10/1', '3000', '', '', '', '', '', '', '', ''),
(82, 140, 77, '09.08.2017. Время: 20:00', '14.08.2017. Время: 19:40', 0, 5, 'Крылова 10/1', '2000', '', '', '', '', '', '', '', ''),
(83, 140, 77, '28.09.2017. Время: 17:30', '', 0, 5, 'Крылова 10/1', '1800', '', '', '', '', '', '', '', ''),
(84, 141, 80, '19.10.2017. Время: 16:05', '', 0, 8, 'ул. Трамвайная 16', '2000', '', '', '', '', '', '', '', ''),
(85, 142, 81, '20.10.2017. Время: 11:30', '21.10.2017. Время: 12:30', 0, 5, 'Крылова 10/1', '1800', '', '', '', '', '', '', '', ''),
(86, 139, 82, '20.10.2017. Время: 12:30', '', 0, 5, 'Крылова 10/1', '3000', '', '', '', '', '', '', '', ''),
(87, 43, 83, '20.10.2017. Время: 17:02', '', 0, 8, 'ул. Трамвайная 16', '1500', '', '', '', '', '', '', '', ''),
(88, 118, 82, '21.10.2017. Время: 15:30', '', 0, 5, 'Крылова 10/1', '3000', '', '', '', '', '', '', '', ''),
(89, 102, 85, '22.10.2017. Время: 12:11', '', 0, 8, 'ул. Трамвайная 16', '2000', '', '', '', '', '', '', '', ''),
(90, 103, 85, '22.10.2017. Время: 12:14', '', 0, 8, 'ул. Трамвайная 16', '2500', '', '', '', '', '', '', '', ''),
(91, 102, 85, '23.10.2017. Время: 12:10', '', 0, 8, 'ул. Трамвайная 16', '2500', '', '', '', '', '', '', '', ''),
(92, 90, 56, '23.10.2017. Время: 15:30', '', 0, 5, 'Крылова 10/1', '1000', '', '', '', '', '', '', '', ''),
(93, 88, 69, '23.10.2017. Время: 10:00', '', 0, 5, 'Крылова 10/1', '3000', '', '', '', '', '', '', '', ''),
(94, 5, 66, '23.10.2017. Время: 18:10', '', 0, 5, 'Крылова 10/1', '3000', '', '', '', '', '', '', '', ''),
(95, 62, 88, '24.10.2017. Время: 13:40', '', 0, 5, 'Крылова 10/1', '1500', '', '', '', '', '', '', '', ''),
(96, 43, 69, '24.10.2017. Время: 16:20', '', 0, 5, 'Крылова 10/1', '1300', '', '', '', '', '', '', '', ''),
(97, 127, 77, '24.10.2017. Время: 20:00', '', 0, 5, 'Крылова 10/1', '1500', '', '', '', '', '', '', '', ''),
(98, 133, 89, '27.10.2017. Время: 10:30', '30.10.2017. Время: 19:00', 0, 5, 'Крылова 10/1', '1300', '', '', '', '', '', '', '', ''),
(99, 102, 85, '28.10.2017. Время: 12:22', '', 0, 8, 'ул. Трамвайная 16', '2500', '', '', '', '', '', '', '', ''),
(100, 84, 92, '28.10.2017. Время: 12:43', '', 0, 8, 'ул. Трамвайная 16', '2300', '', '', '', '', '', '', '', ''),
(101, 143, 83, '28.10.2017. Время: 17:21', '', 0, 8, 'ул. Трамвайная 16', '1500', '', '', '', '', '', '', '', ''),
(102, 43, 93, '28.10.2017. Время: 17:59', '', 0, 8, 'ул. Трамвайная 16', '1300', '', '', '', '', '', '', '', ''),
(103, 44, 94, '30.10.2017. Время: 10:23', '', 0, 8, 'ул. Трамвайная 16', '1500', '', '', '', '', '', '', '', ''),
(104, 110, 95, '29.10.2017. Время: 11:00', '29.10.2017. Время: 21:00', 0, 5, 'Крылова 10/1', '2000', '', '', '', '', '', '', '', ''),
(105, 110, 96, '30.10.2017. Время: 10:00', '', 0, 5, 'Крылова 10/1', '1800', '', '', '', '', '', '', '', ''),
(106, 143, 98, '30.10.2017. Время: 18:32', '', 0, 8, 'ул. Трамвайная 16', '1500', '', '', '', '', '', '', '', ''),
(107, 133, 69, '31.10.2017. Время: 11:00', '', 0, 5, 'Крылова 10/1', '1300', '', '', '', '', '', '', '', ''),
(108, 66, 91, '31.10.2017. Время: 14:50', '', 0, 4, 'ул. Корабельная набережная, 1', '1500', '', '', '', '', '', '', '', ''),
(109, 141, 99, '31.10.2017. Время: 18:24', '', 0, 8, 'ул. Трамвайная 16', '2500', '', '', '', '', '', '', '', ''),
(110, 86, 100, '01.11.2017. Время: 13:50', '', 0, 4, 'ул. Корабельная набережная, 1', '1500', '', '', '', '', '', '', '', ''),
(111, 135, 71, '31.10.2017. Время: 14:00', '', 0, 5, 'Крылова 10/1', '1800', '', '', '', '', '', '', '', ''),
(112, 143, 111, '03.11.2017. Время: 12:44', '', 0, 8, 'ул. Трамвайная 16', '1300', '', '', '', '', '', '', '', ''),
(113, 146, 112, '02.11.2017. Время: 11:00', '06.11.2017. Время: 11:00', 1, 7, 'ул. Жигура 2 б стр.2', '2000', '', '', '', '', '', '', '', ''),
(114, 67, 113, '03.11.2017. Время: 15:22', '', 0, 8, 'ул. Трамвайная 16', '3000', '', '', '', '', '', '', '', ''),
(115, 154, 115, '06.11.2017. Время: 15:00', '09.11.2017. Время: 15:00', 0, 9, 'Аэропорт г.Владивосток', '2500', '', '', '', '', '', '', '', ''),
(116, 142, 116, '06.11.2017. Время: 14:30', '', 0, 5, 'Крылова 10/1', '1300', '', '', '', '', '', '', '', ''),
(117, 143, 117, '06.11.2017. Время: 16:56', '', 0, 8, 'ул. Трамвайная 16', '1500', '', '', '', '', '', '', '', ''),
(118, 44, 118, '06.11.2017. Время: 17:05', '', 0, 8, 'ул. Трамвайная 16', '1500', '', '', '', '', '', '', '', ''),
(119, 102, 119, '06.11.2017. Время: 17:16', '', 0, 8, 'ул. Трамвайная 16', '2500', '', '', '', '', '', '', '', ''),
(120, 99, 120, '07.11.2017. Время: 13:00', '10.11.2017. Время: 13:00', 0, 9, 'Аэропорт г.Владивосток', '4000', '', '', '', '', '', '', '', ''),
(121, 33, 116, '07.11.2017. Время: 16:00', '', 0, 5, 'Крылова 10/1', '1100', '', '', '', '', '', '', '', ''),
(122, 89, 121, '07.11.2017. Время: 15:53', '', 0, 8, 'ул. Трамвайная 16', '2500', '', '', '', '', '', '', '', ''),
(123, 75, 122, '07.11.2017. Время: 16:30', '08.11.2017. Время: 16:30', 0, 9, 'ул. Бородинская, 46, корп. 1', '3500', '', '', '', '', '', '', '', ''),
(124, 72, 123, '08.11.2017. Время: 09:00', '09.11.2017. Время: 20:00', 0, 5, 'Крылова 10/1', '5000', '', '', '', '', '', '', '', ''),
(125, 146, 112, '08.11.2017. Время: 13:50', '', 1, 7, 'ул. Жигура 2 б стр.2', '2000', '', '', '', '', '', '', '', ''),
(126, 67, 69, '10.12.1899. Время: 10:40', '', 0, 5, 'Крылова 10/1', '0', '', '', '', '', '', '', '', ''),
(127, 25, 124, '11.11.2017. Время: 11:14', '', 1, 8, 'ул. Трамвайная 16', '1300', '', '', '', '', '', '', '', ''),
(128, 5, 125, '11.11.2017. Время: 16:14', '', 0, 8, 'ул. Трамвайная 16', '4000', '', '', '', '', '', '', '', ''),
(129, 155, 118, '13.11.2017. Время: 11:38', '', 0, 8, 'ул. Трамвайная 16', '1600', '', '', '', '', '', '', '', ''),
(130, 43, 126, '13.11.2017. Время: 13:53', '', 0, 8, 'ул. Трамвайная 16', '1500', '', '', '', '', '', '', '', ''),
(131, 143, 127, '13.11.2017. Время: 14:23', '', 1, 8, 'ул. Трамвайная 16', '1500', '', '', '', '', '', '', '', ''),
(132, 102, 85, '13.11.2017. Время: 14:36', '', 0, 8, 'ул. Трамвайная 16', '2000', '', '', '', '', '', '', '', ''),
(133, 72, 128, '13.11.2017. Время: 20:30', '', 0, 5, 'Крылова 10/1', '5000', '', '', '', '', '', '', '', ''),
(134, 85, 129, '16.11.2017. Время: 11:00', '16.11.2017. Время: 11:00', 0, 5, 'Крылова 10/1', '0', '', '', '', '', '', '', '', ''),
(135, 5, 77, '17.11.2017. Время: 12:30', '', 0, 5, 'Крылова 10/1', '3000', '', '', '', '', '', '', '', ''),
(136, 156, 132, '22.11.2017. Время: 09:30', '29.11.2017. Время: 09:30', 0, 5, 'Крылова 10/1', '1000', '', '', '', '', '', '', '', ''),
(137, 103, 136, '18.11.2017. Время: 15:04', '', 1, 8, 'ул. Трамвайная 16', '2000', '', '', '', '', '', '', '', ''),
(138, 141, 137, '18.11.2017. Время: 15:18', '', 1, 8, 'ул. Трамвайная 16', '2000', '', '', '', '', '', '', '', ''),
(139, 99, 134, '19.11.2017. Время: 11:02', '', 0, 8, 'ул. Трамвайная 16', '3500', '', '', '', '', '', '', '', ''),
(140, 38, 138, '16.11.2017. Время: 15:00', '18.11.2017. Время: 14:00', 0, 5, 'Крылова 10/1', '1200', '', '', '', '', '', '', '', ''),
(141, 38, 139, '14.11.2017. Время: 11:50', '16.11.2017. Время: 11:30', 0, 5, 'Крылова 10/1', '1200', '', '', '', '', '', '', '', ''),
(142, 87, 140, '12.11.2017. Время: 18:00', '13.11.2017. Время: 17:00', 0, 5, 'Крылова 10/1', '2000', '', '', '', '', '', '', '', ''),
(143, 88, 141, '01.11.2017. Время: 17:00', '08.11.2017. Время: 12:30', 0, 5, 'Крылова 10/1', '2500', '', '', '', '', '', '', '', ''),
(144, 88, 116, '20.11.2017. Время: 10:40', '', 0, 5, 'Крылова 10/1', '3500', '', '', '', '', '', '', '', ''),
(145, 138, 142, '07.11.2017. Время: 12:30', '', 0, 5, 'Крылова 10/1', '1000', '', '', '', '', '', '', '', ''),
(146, 61, 143, '20.11.2017. Время: 11:31', '', 1, 8, 'ул. Трамвайная 16', '2000', '', '', '', '', '', '', '', ''),
(147, 131, 143, '20.11.2017. Время: 11:35', '', 1, 8, 'ул. Трамвайная 16', '2000', '', '', '', '', '', '', '', ''),
(148, 104, 131, '20.11.2017. Время: 14:47', '', 1, 8, 'ул. Трамвайная 16', '3000', '', '', '', '', '', '', '', ''),
(149, 43, 144, '20.11.2017. Время: 15:48', '', 0, 8, 'ул. Трамвайная 16', '1100', '', '', '', '', '', '', '', ''),
(150, 158, 145, '21.11.2017. Время: 16:00', '', 1, 8, 'ул. Трамвайная 16', '4600', '', '', '', '', '', '', '', ''),
(151, 159, 134, '20.11.2017. Время: 18:43', '', 1, 8, 'ул. Трамвайная 16', '4000', '', '', '', '', '', '', '', ''),
(152, 7, 110, '21.11.2017. Время: 13:00', '22.11.2017. Время: 13:00', 1, 4, 'ул. Корабельная набережная, 1', '2000', '', '', '', '', '', '', '', ''),
(153, 20, 45, '21.11.2017. Время: 14:36', '', 1, 8, 'ул. Трамвайная 16', '3000', '', '', '', '', '', '', '', ''),
(154, 155, 118, '21.11.2017. Время: 17:47', '', 0, 8, 'ул. Трамвайная 16', '1600', '', '', '', '', '', '', '', ''),
(155, 144, 146, '22.11.2017. Время: 11:42', '', 1, 8, 'ул. Трамвайная 16', '1100', '', '', '', '', '', '', '', ''),
(156, 88, 51, '22.11.2017. Время: 13:30', '', 0, 5, 'Крылова 10/1', '3000', '', '', '', '', '', '', '', ''),
(157, 159, 134, '18.11.2017. Время: 18:30', '22.11.2017. Время: 18:30', 1, 8, 'ул. Трамвайная 16', '4000', '', '', '', '', '', '', '', ''),
(158, 43, 147, '23.11.2017. Время: 12:32', '', 1, 8, 'ул. Трамвайная 16', '1300', '', '', '', '', '', '', '', ''),
(159, 72, 149, '24.11.2017. Время: 13:46', '', 1, 8, 'ул. Трамвайная 16', '5000', '', '', '', '', '', '', '', ''),
(160, 138, 150, '24.11.2017. Время: 16:00', '27.11.2017. Время: 15:50', 1, 8, 'ул. Трамвайная 16', '1300', '', '', '', '', '', '', '', ''),
(161, 155, 152, '26.11.2017. Время: 14:17', '27.11.2017. Время: 14:20', 1, 8, 'ул. Трамвайная 16', '2000', '', '', '', '', '', '', '', ''),
(162, 121, 33, '27.11.2017. Время: 11:24', '', 0, 11, '', '1800', '', '', '', '', '', '', '', ''),
(163, 161, 157, '01.12.2017. Время: 12:36', '', 1, 8, 'ул. Трамвайная 16', '3500', '', '', '', '', '', '', '', ''),
(164, 162, 158, '01.12.2017. Время: 16:53', '', 1, 8, 'ул. Трамвайная 16', '1700', '', '', '', '', '', '', '', ''),
(165, 104, 45, '03.12.2017. Время: 13:37', '', 1, 8, 'ул. Трамвайная 16', '3500', '', '', '', '', '', '', '', ''),
(166, 132, 159, '10.12.2017. Время: 18:00', '08.01.2018. Время: 18:00', 0, 5, 'Крылова 10/1', '1000', '', '', '', '', '', '', '', ''),
(167, 150, 160, '12.01.2018. Время: 18:30', '17.01.2018. Время: 18:30', 1, 4, 'ул. Корабельная набережная, 1', '4000', '', '', '', '', '', '', '', ''),
(168, 5, 43, '05.02.2018. Время: 11:13', '05.02.2018. Время: 11:10', 0, 5, 'Крылова 10/1', '4000', '', '', '', '', '', '', '', ''),
(169, 15, 29, '14.02.2018. Время: 20:00', '15.02.2018. Время: 20:00', 0, 8, 'ул. Трамвайная 16', '1000', '', '', '', '', '', '', '', ''),
(170, 150, 163, '20.02.2018. Время: 19:00', '21.02.2018. Время: 16:00', 0, 8, 'ул. Трамвайная 16', '8000', '', '', '', '', '', '', '', ''),
(171, 24, 163, '20.02.2018. Время: 01:10', '20.02.2018. Время: 23:40', 0, 8, 'ул. Трамвайная 16', '2500', '', '', '', '', '', '', '', ''),
(172, 132, 164, '22.02.2018. Время: 11:30', '25.02.2018. Время: 11:30', 1, 4, 'ул. Корабельная набережная, 1', '1300', '', '', '', '', '', '', '', ''),
(173, 72, 165, '22.02.2018. Время: 12:00', '28.02.2018. Время: 12:20', 1, 4, 'ул. Корабельная набережная, 1', '5000', '', '', '', '', '', '', '', ''),
(174, 69, 161, '22.02.2018. Время: 12:00', '23.02.2018. Время: 13:10', 1, 4, 'ул. Корабельная набережная, 1', '2000', '', '', '', '', '', '', '', ''),
(175, 63, 161, '22.02.2018. Время: 02:20', '24.02.2018. Время: 18:50', 1, 4, 'ул. Корабельная набережная, 1', '1500', '', '', '', '', '', '', '', ''),
(176, 87, 213, '27.02.2018. Время: 16:00', '28.02.2018. Время: 16:00', 0, 9, 'ул. Бородинская, 46, корп. 1', '2000', '', '', '', '', '', '', '', ''),
(177, 87, 213, '27.02.2018. Время: 16:30', '02.03.2018. Время: 16:30', 0, 9, 'ул. Бородинская, 46, корп. 1', '2500', '', '', '', '', '', '', '', ''),
(178, 174, 214, '28.02.2018. Время: 19:00', '03.03.2018. Время: 19:00', 0, 9, '', '5000', '', '', '', '', '', '', '', ''),
(179, 12, 246, '04.03.2018. Время: 14:27', '08.03.2018. Время: 14:30', 0, 9, '', '5500', '', '', '', '', '', '', '', ''),
(180, 123, 247, '05.03.2018. Время: 12:00', '07.03.2018. Время: 12:00', 0, 9, 'Аэропорт г. Владивостока', '1800', '', '', '', '', '', '', '', ''),
(181, 72, 69, '10.12.2017. Время: 18:00', '07.03.2018. Время: 14:30', 0, 5, 'Крылова 10/1', '5000', '', '', '', '', '', '', '', ''),
(182, 99, 250, '06.03.2018. Время: 14:00', '07.03.2018. Время: 14:00', 0, 9, 'ул. Жигура 2б', '3000', '', '', '', '', '', '', '', ''),
(183, 98, 166, '06.03.2018. Время: 15:00', '09.03.2018. Время: 15:00', 0, 9, 'ул. Стрельникова, д. 9', '2500', '', '', '', '', '', '', '', ''),
(184, 174, 251, '08.03.2018. Время: 10:00', '10.03.2018. Время: 10:00', 0, 9, 'Бородинская 46 корпус 1', '5500', '', '', '', '', '', '', '', ''),
(185, 99, 252, '08.03.2018. Время: 14:00', '11.03.2018. Время: 14:00', 0, 9, 'Импортная 16', '3500', '', '', '', '', '', '', '', ''),
(186, 107, 253, '08.03.2018. Время: 16:00', '09.03.2018. Время: 16:00', 0, 9, 'ул. Бородинская, 46, корп. 1', '3000', '', '', '', '', '', '', '', ''),
(187, 23, 241, '09.03.2018. Время: 18:00', '12.03.2018. Время: 18:00', 0, 9, 'ул. Спортивная, д. 3', '1800', '', '', '', '', '', '', '', ''),
(188, 177, 254, '11.03.2018. Время: 12:00', '12.03.2018. Время: 12:00', 0, 9, 'ул. Бородинская, 46, корп. 1', '3500', '', '', '', '', '', '', '', ''),
(189, 174, 214, '13.03.2018. Время: 19:00', '15.03.2018. Время: 19:00', 0, 9, 'ул. Бородинская, 46, корп. 1', '5500', '', '', '', '', '', '', '', ''),
(190, 23, 262, '14.03.2018. Время: 12:03', '16.03.2018. Время: 12:00', 0, 9, 'ул. Бородинская, 46, корп. 1', '1800', '', '', '', '', '', '', '', ''),
(191, 177, 264, '16.03.2018. Время: 16:37', '18.03.2018. Время: 17:40', 0, 9, 'Бородинская 46 корпус 1', '4000', '', '', '', '', '', '', '', ''),
(192, 23, 265, '16.03.2018. Время: 19:00', '19.03.2018. Время: 19:00', 0, 9, 'ул. Анны Щетининой, 7', '1800', '', '', '', '', '', '', '', ''),
(193, 173, 180, '17.03.2018. Время: 12:35', '18.03.2018. Время: 15:30', 0, 9, 'Бородинская 46 корпус 1', '1500', '', '', '', '', '', '', '', ''),
(194, 31, 266, '18.03.2018. Время: 11:17', '20.03.2018. Время: 11:20', 0, 9, 'Бородинская 46 корпус 1', '1500', '', '', '', '', '', '', '', ''),
(195, 45, 267, '18.03.2018. Время: 15:19', '21.03.2018. Время: 15:20', 0, 9, 'Бородинская 46 корпус 1', '1500', '', '', '', '', '', '', '', ''),
(196, 173, 268, '19.03.2018. Время: 12:26', '20.03.2018. Время: 12:30', 0, 9, 'Бородинская 46 корпус 1', '1500', '', '', '', '', '', '', '', ''),
(197, 178, 185, '21.03.2018. Время: 15:55', '27.03.2018. Время: 16:00', 1, 9, 'Бородинская 46 корпус 1', '2500', '', '', '', '', '', '', '', ''),
(198, 107, 115, '26.03.2018. Время: 16:00', '31.03.2018. Время: 16:00', 0, 9, 'Аэропорт ', '3000', '', '', '', '', '', '', '', ''),
(199, 5, 163, '20.03.2018. Время: 23:40', '26.03.2018. Время: 23:50', 0, 8, 'ул. Трамвайная 16', '', '', '', '', '', '', '', '', ''),
(200, 139, 16, '05.03.2018. Время: 08:40', '06.03.2018. Время: 05:50', 0, 8, 'ул. Трамвайная 16', '333333', '111111', '25 часов', '29.03.2018. Время: 18:50', 'Место', 'Один, Два, Три', '222222', '444444', '555555');

-- --------------------------------------------------------

--
-- Структура таблицы `url`
--

CREATE TABLE IF NOT EXISTS `url` (
  `id` int(11) NOT NULL,
  `url` varchar(500) NOT NULL,
  `page` varchar(255) NOT NULL
) ENGINE=InnoDB AUTO_INCREMENT=38 DEFAULT CHARSET=utf8;

--
-- Дамп данных таблицы `url`
--

INSERT INTO `url` (`id`, `url`, `page`) VALUES
(1, 'login', 'view/login.php'),
(2, '', 'view/main.php'),
(3, 'login_user', 'routes/login_user.php'),
(5, 'logout', 'routes/logout_user.php'),
(6, 'order/new', 'view/add_order.php'),
(7, 'clients/add', 'view/add_client.php'),
(8, 'auto/add', 'view/add_auto.php'),
(9, 'clients/add', 'view/add_client.php'),
(11, 'auto/add/getCarMakes', 'routes/get_car_makes.php'),
(12, 'auto/add/getCarModels', 'routes/get_car_models.php'),
(13, 'auto/add/addCar', 'routes/add_car.php'),
(14, 'auto/all', 'view/all_auto.php'),
(15, 'clients/add/addClient', 'routes/add_client.php'),
(16, 'clients/all', 'view/all_clients.php'),
(17, 'clients/all/getCientsList', 'routes/get_clients_list.php'),
(18, 'auto/all/getAutoList', 'routes/get_auto_list.php'),
(19, 'order/process', 'routes/process_order.php'),
(20, 'order/genRentContract', 'routes/gen_rent_contract_pdf.php'),
(21, 'order/all', 'view/all_orders.php'),
(22, 'order/return', 'routes/return_order.php'),
(23, 'order/genRentCheck', 'routes/gen_rent_check_pdf.php'),
(24, 'order/getOrder', 'routes/get_order.php'),
(25, 'settings', 'view/settings.php'),
(26, 'settings/save', 'routes/settings_save.php'),
(27, 'logout', 'routes/logout_user.php'),
(28, 'clients/getClient', 'routes/get_client.php'),
(29, 'clients/getFeedbackUser', 'routes/get_feedback_user.php'),
(30, 'uploadFile', 'routes/upload_file.php'),
(31, 'removeFile', 'routes/remove_file.php'),
(32, 'feedback', 'view/feedback.php'),
(33, 'feedback/process', 'routes/process_feedback.php'),
(34, 'clients/edit', 'view/edit_client.php'),
(35, 'clients/edit/updateClient', 'routes/edit_client.php'),
(36, 'auto/create', 'view/create_auto.php'),
(37, 'auto/create/createModel', 'routes/create_car_model.php');

-- --------------------------------------------------------

--
-- Структура таблицы `users`
--

CREATE TABLE IF NOT EXISTS `users` (
  `id` int(11) NOT NULL,
  `name` varchar(255) NOT NULL,
  `login` varchar(255) NOT NULL,
  `password` varchar(255) NOT NULL,
  `access` int(11) NOT NULL DEFAULT '5',
  `rent_place` varchar(500) NOT NULL
) ENGINE=InnoDB AUTO_INCREMENT=22276 DEFAULT CHARSET=utf8;

--
-- Дамп данных таблицы `users`
--

INSERT INTO `users` (`id`, `name`, `login`, `password`, `access`, `rent_place`) VALUES
(4, 'Центральный', 'central', '233ec5bda5fa468329234788b4ee61711ea3041e', 5, 'ул. Корабельная набережная, 1'),
(5, 'ПРЕСТИЖ', 'vgues', 'e64e572068ce30fa004539addcf82afcecf9ba04', 5, 'Крылова 10/1'),
(6, 'magnit', 'magnit', 'bebdcb0918a9aa123c2b68aefb977ae35e70cc50', 5, 'ул. Всеволода Сибирцева 88 ст2'),
(7, 'Автопрокат №1', '1prokat', 'cd53ffd6a489a5f466b476599cb7c0d3ad1548b2', 5, 'ул. Жигура 2 б стр.2'),
(8, 'prim', 'prim', '4b760b581bf0ab4d9e40aae1823be445cca16c17', 5, 'ул. Трамвайная 16'),
(9, 'Варяг', 'varyag', '98d7640e4509f5a90389c5138e64f78ee343521d', 5, 'ул. Бородинская, 46, корп. 1'),
(10, 'fantasy', 'fantasy', 'bffdd05fdd51fc2611ee11ac88259d9cc6dd5f88', 5, ''),
(11, 'cherre', 'cherre', '25f8552071a8978b0447cfd5e1688eaaa5595bcc', 5, ''),
(22275, 'prokat_n', 'prokat_n', '6fee9ba11fe2a697fa5d605fbe6af0b3b0ea52eb', 5, '');

--
-- Индексы сохранённых таблиц
--

--
-- Индексы таблицы `cars`
--
ALTER TABLE `cars`
  ADD UNIQUE KEY `id` (`id`);

--
-- Индексы таблицы `car_models`
--
ALTER TABLE `car_models`
  ADD PRIMARY KEY (`id`),
  ADD KEY `id` (`id`);

--
-- Индексы таблицы `clients`
--
ALTER TABLE `clients`
  ADD PRIMARY KEY (`id`);

--
-- Индексы таблицы `comments`
--
ALTER TABLE `comments`
  ADD PRIMARY KEY (`id`);

--
-- Индексы таблицы `imgs`
--
ALTER TABLE `imgs`
  ADD PRIMARY KEY (`id`);

--
-- Индексы таблицы `orders`
--
ALTER TABLE `orders`
  ADD PRIMARY KEY (`id`);

--
-- Индексы таблицы `url`
--
ALTER TABLE `url`
  ADD PRIMARY KEY (`id`);

--
-- Индексы таблицы `users`
--
ALTER TABLE `users`
  ADD PRIMARY KEY (`id`);

--
-- AUTO_INCREMENT для сохранённых таблиц
--

--
-- AUTO_INCREMENT для таблицы `cars`
--
ALTER TABLE `cars`
  MODIFY `id` int(11) NOT NULL AUTO_INCREMENT,AUTO_INCREMENT=180;
--
-- AUTO_INCREMENT для таблицы `car_models`
--
ALTER TABLE `car_models`
  MODIFY `id` int(11) NOT NULL AUTO_INCREMENT,AUTO_INCREMENT=22276;
--
-- AUTO_INCREMENT для таблицы `clients`
--
ALTER TABLE `clients`
  MODIFY `id` int(11) NOT NULL AUTO_INCREMENT,AUTO_INCREMENT=269;
--
-- AUTO_INCREMENT для таблицы `comments`
--
ALTER TABLE `comments`
  MODIFY `id` int(11) NOT NULL AUTO_INCREMENT,AUTO_INCREMENT=167;
--
-- AUTO_INCREMENT для таблицы `imgs`
--
ALTER TABLE `imgs`
  MODIFY `id` int(11) NOT NULL AUTO_INCREMENT,AUTO_INCREMENT=642;
--
-- AUTO_INCREMENT для таблицы `orders`
--
ALTER TABLE `orders`
  MODIFY `id` int(11) NOT NULL AUTO_INCREMENT,AUTO_INCREMENT=201;
--
-- AUTO_INCREMENT для таблицы `url`
--
ALTER TABLE `url`
  MODIFY `id` int(11) NOT NULL AUTO_INCREMENT,AUTO_INCREMENT=38;
--
-- AUTO_INCREMENT для таблицы `users`
--
ALTER TABLE `users`
  MODIFY `id` int(11) NOT NULL AUTO_INCREMENT,AUTO_INCREMENT=22276;
/*!40101 SET CHARACTER_SET_CLIENT=@OLD_CHARACTER_SET_CLIENT */;
/*!40101 SET CHARACTER_SET_RESULTS=@OLD_CHARACTER_SET_RESULTS */;
/*!40101 SET COLLATION_CONNECTION=@OLD_COLLATION_CONNECTION */;
